i,n,acc,cor,alpha
0,505,0.5,0.35843526253718233,0.3488745980707396
0,1010,0.35563380281690143,0.009976229991815366,-0.39829946996466425
0,1515,0.5845070422535211,0.5365851607783152,0.507234762979684
0,2020,0.5915492957746479,0.4912320539293982,0.4918345989749645
0,2525,0.545774647887324,0.4871753148244573,0.4048729287471824
0,3030,0.6267605633802817,0.574665744839157,0.5717401057431837
0,3535,0.5880281690140845,0.48161510936697727,0.46074816832613186
0,4040,0.6725352112676056,0.5766639351277367,0.5725805980353772
0,4545,0.6654929577464789,0.6115061177239474,0.6076580898386392
0,5050,0.647887323943662,0.6286001315768482,0.6282007511095937
0,5555,0.6338028169014085,0.5940022196463524,0.5895563444309962
0,6038,0.6338028169014085,0.5361075685708394,0.5099209478684946
1,505,0.4823943661971831,0.39214758381157117,0.26525975665168877
1,1010,0.5,0.3726205231935943,0.31035188708783934
1,1515,0.5633802816901409,0.3917883561622669,0.39180334246666704
1,2020,0.5633802816901409,0.4390295530265483,0.4338142895610806
1,2525,0.5070422535211268,0.5229952700010617,0.34352062216008383
1,3030,0.5985915492957746,0.5560505931608773,0.5043171368748247
1,3535,0.5809859154929577,0.5075794187905144,0.48191482249114126
1,4040,0.5387323943661971,0.4971081717957803,0.4928589976629446
1,4545,0.6373239436619719,0.535465678368852,0.5196074580721906
1,5050,0.647887323943662,0.561578624460969,0.5507669332360536
1,5555,0.6514084507042254,0.6049526143378113,0.5889677794172841
1,6038,0.5985915492957746,0.5348513386193453,0.4671806478992786
2,505,0.4507042253521127,0.2943657521771523,0.14203968994764826
2,1010,0.44366197183098594,0.38963588212724737,0.09371694520837737
2,1515,0.5316901408450704,0.4044431015644752,0.31701860911035173
2,2020,0.545774647887324,0.4780944665408677,0.44942094262092724
2,2525,0.5211267605633803,0.3856783860143385,0.23112128146453093
2,3030,0.5845070422535211,0.5137900771991405,0.45251889168765747
2,3535,0.3485915492957746,nan,-0.4061187909740467
2,4040,0.6619718309859155,0.6072007928918595,0.6021506603154683
2,4545,0.647887323943662,0.5538784733580625,0.5219464529998046
2,5050,0.647887323943662,0.6001573583094021,0.589906097531076
2,5555,0.6443661971830986,0.5811334340898763,0.5699347464840109
2,6038,0.6161971830985915,0.5967715284872296,0.5674585876198779
3,505,0.44014084507042256,0.2536609160728022,0.15859958962333287
3,1010,0.47183098591549294,0.39723931793692485,0.2863296393468301
3,1515,0.40492957746478875,0.3232713627797919,-0.008819269986700018
3,2020,0.6091549295774648,0.49479001010585805,0.49528431850454613
3,2525,0.5880281690140845,0.5291481776502198,0.5183324593602516
3,3030,0.6161971830985915,0.5418527378405195,0.5378239329268293
3,3535,0.573943661971831,0.5084413674566765,0.442338519053855
3,4040,0.6091549295774648,0.5487835611273105,0.5400442477876106
3,4545,0.6408450704225352,0.5886632910673381,0.581252755179738
3,5050,0.6830985915492958,0.5783417814348344,0.5764354340021995
3,5555,0.6901408450704225,0.6322365476451269,0.6223231565641997
3,6038,0.6690140845070423,0.6054114265781154,0.5724283474477423
4,505,0.4471830985915493,0.3228212521308424,0.2611713958347375
4,1010,0.5598591549295775,0.5035394885495738,0.41265595118841636
4,1515,0.5422535211267606,0.3910099233907399,0.37372047244094486
4,2020,0.5633802816901409,0.5149589130036818,0.4285747767595566
4,2525,0.6408450704225352,0.5538850079061256,0.5518037841625789
4,3030,0.6338028169014085,0.5485661892570219,0.5369453924914676
4,3535,0.6126760563380281,0.5600269814955103,0.4841703056768558
4,4040,0.5563380281690141,0.5011228007658957,0.34031779097597725
4,4545,0.6584507042253521,0.6232922886262361,0.6236107839568299
4,5050,0.6795774647887324,0.61360628515362,0.6104154954770787
4,5555,0.6549295774647887,0.6019716198696414,0.5586469175340272
4,6038,0.6126760563380281,0.47569115335750456,0.42998396579369325
5,505,0.3732394366197183,0.25219140999086387,-0.13914002205071663
5,1010,0.3591549295774648,0.18901677188905155,0.001904392004059341
5,1515,0.5387323943661971,0.47062367998664784,0.3733305747777276
5,2020,0.6056338028169014,0.5488857684409112,0.5460318161488213
5,2525,0.5633802816901409,0.5078292516614867,0.48722380679720234
5,3030,0.573943661971831,0.546485358051609,0.545497566252028
5,3535,0.6056338028169014,0.47688614260534173,0.4735855827120131
5,4040,0.6302816901408451,0.5683936829150509,0.5639990165666668
5,4545,0.6514084507042254,0.6131722581427961,0.6105680075093295
5,5050,0.6866197183098591,0.6033575627534639,0.5925260510240747
5,5555,0.6619718309859155,0.6173992082551868,0.5829023629068213
5,6038,0.6267605633802817,0.506148744689547,0.4748679763737511
6,505,0.352112676056338,0.0070417854916867305,-0.4021993262108874
6,1010,0.528169014084507,0.3930962356750287,0.364999756536982
6,1515,0.4823943661971831,0.4223740554412622,0.3565332296929654
6,2020,0.5950704225352113,0.4722398112735789,0.45938674747818264
6,2525,0.545774647887324,0.3984677642762968,0.38040310830500257
6,3030,0.6232394366197183,0.5474405395077363,0.5465040186586574
6,3535,0.5880281690140845,0.5456920571345407,0.51677883547599
6,4040,0.6584507042253521,0.5486852763687949,0.5122895297077608
6,4545,0.6091549295774648,0.531467910166559,0.4990388271013275
6,5050,0.5985915492957746,0.5436853341992862,0.5330875968427715
6,5555,0.6866197183098591,0.631047574545455,0.6278648499645585
6,6038,0.6408450704225352,0.6062701899501322,0.5929904541218547
7,505,0.4859154929577465,0.3155501839663181,0.30326215483063235
7,1010,0.352112676056338,0.08822558086229658,-0.3248635952142107
7,1515,0.5316901408450704,0.5102257743053521,0.3782755611251595
7,2020,0.6267605633802817,0.5582780815916376,0.547958587854833
7,2525,0.6091549295774648,0.5781254437169289,0.5346865083707188
7,3030,0.6584507042253521,0.6141448675795447,0.6010946555054733
7,3535,0.6302816901408451,0.5801419879728726,0.5396004537941916
7,4040,0.6443661971830986,0.510887664101354,0.5061502930450272
7,4545,0.6232394366197183,0.5686994740300158,0.5469764648474156
7,5050,0.6408450704225352,0.6053171486898707,0.6013791452889174
7,5555,0.6654929577464789,0.6195170954334939,0.6105769230769231
7,6038,0.6373239436619719,0.5487596505674408,0.5276493062537704
8,505,0.2640845070422535,-0.009976229991815366,-0.4916708260544047
8,1010,0.36971830985915494,0.21407626510437738,-0.2655089124652217
8,1515,0.4894366197183099,0.43720815636214155,0.3126461690304032
8,2020,0.5985915492957746,0.5335045602177064,0.5222661603792661
8,2525,0.6056338028169014,0.5297060160445959,0.5246431367323484
8,3030,0.647887323943662,0.586688749820457,0.5856879927478504
8,3535,0.5633802816901409,0.48925923692585876,0.3683128012854848
8,4040,0.6091549295774648,0.5591391190420533,0.5205533507711735
8,4545,0.6302816901408451,0.5477731693071267,0.5092551988367531
8,5050,0.5950704225352113,0.49865754302075316,0.4700573784190296
8,5555,0.6338028169014085,0.5741027196467384,0.5678730794068196
8,6038,0.6549295774647887,0.6132077286584424,0.610778510499426
9,505,0.38380281690140844,0.259510980479799,-0.0787515352936925
9,1010,0.352112676056338,0.0070417854916867305,-0.4021993262108874
9,1515,0.5246478873239436,0.43532426262611135,0.3508927808628791
9,2020,0.528169014084507,0.47365115119355394,0.3582840695610211
9,2525,0.6232394366197183,0.557609122025474,0.5560781178995549
9,3030,0.5950704225352113,0.5298086196846,0.5085950505976318
9,3535,0.6161971830985915,0.5700865694302873,0.5644784032434118
9,4040,0.6232394366197183,0.5595919862592625,0.5393262514551804
9,4545,0.5528169014084507,0.503069228687809,0.4290645142183285
9,5050,0.5669014084507042,0.4812913742081013,0.4252342764462065
9,5555,0.6690140845070423,0.6179144637927894,0.6136275321427969
9,6038,0.5035211267605634,0.40258403704589424,0.30682242673277416
10,505,0.352112676056338,0.0070417854916867305,-0.4021993262108874
10,1010,0.4507042253521127,0.35268240376954424,0.1522451110689197
10,1515,0.5211267605633803,0.42439013996514313,0.3678794245653152
10,2020,0.5563380281690141,0.48335340373631497,0.46646143122676575
10,2525,0.5915492957746479,0.5436593398230352,0.5310765850794512
10,3030,0.6161971830985915,0.5458401711609762,0.5343975045932261
10,3535,0.5528169014084507,0.5015274731426526,0.4650268330939489
10,4040,0.647887323943662,0.5981256723775383,0.5845545134818289
10,4545,0.6514084507042254,0.5798425861995806,0.5609682197683814
10,5050,0.6408450704225352,0.5838534699369446,0.5576500898089518
10,5555,0.5985915492957746,0.5197127626458492,0.4901445939141069
10,6038,0.5176056338028169,0.47025620460623524,0.30793374019180475
11,505,0.352112676056338,0.0070417854916867305,-0.4021993262108874
11,1010,0.45422535211267606,0.3132185564124911,0.18660774196533936
11,1515,0.5140845070422535,0.3419785815347067,0.31014616747870816
11,2020,0.602112676056338,0.5063787468833284,0.4945783573888197
11,2525,0.5387323943661971,0.47858257876640664,0.42903701058082944
11,3030,0.602112676056338,0.4977201585164095,0.48812052999464817
11,3535,0.6056338028169014,0.48825864338035474,0.4862618071443132
11,4040,0.6126760563380281,0.5735368544424255,0.4899250750193447
11,4545,0.6408450704225352,0.5741650517992154,0.5661923882163848
11,5050,0.6373239436619719,0.5785537668173244,0.5562204569125433
11,5555,0.6654929577464789,0.6192910813598062,0.6161594826885896
11,6038,0.6338028169014085,0.583541876225784,0.5725250278086764
12,505,0.352112676056338,0.0070417854916867305,-0.4021993262108874
12,1010,0.5,0.4275539898247226,0.3161470023526868
12,1515,0.4788732394366197,0.41619079164243444,0.2536897980321078
12,2020,0.5316901408450704,0.38239089144355287,0.2359558728969453
12,2525,0.5070422535211268,0.4571512050704686,0.40148468914321056
12,3030,0.6126760563380281,0.4931000662659881,0.49113475177304966
12,3535,0.6267605633802817,0.583107451108844,0.5704965301534551
12,4040,0.6690140845070423,0.5873999873128067,0.5761357101782634
12,4545,0.6302816901408451,0.5432089561674946,0.5294096420323327
12,5050,0.6302816901408451,0.549404347384778,0.5386542153489435
12,5555,0.6971830985915493,0.6136885272336445,0.6117310282891782
12,6038,0.6549295774647887,0.6191384391821567,0.5999810462471569
13,505,0.3380281690140845,0.15851596294582565,-0.1645332718429422
13,1010,0.38380281690140844,0.22385700866575206,-0.16160977537311183
13,1515,0.5669014084507042,0.4520428603772217,0.4452721374504385
13,2020,0.5669014084507042,0.4670728731797971,0.4654955703772782
13,2525,0.5492957746478874,0.43054277593155005,0.35060472787245744
13,3030,0.5669014084507042,0.4904314044584179,0.471130815292492
13,3535,0.5880281690140845,0.536093000370555,0.4756774830596582
13,4040,0.5704225352112676,0.508381656124224,0.43308721735117683
13,4545,0.6197183098591549,0.537392858706512,0.5229640815446015
13,5050,0.602112676056338,0.546984374156393,0.5020540718954634
13,5555,0.6584507042253521,0.5885490522684297,0.5770195870504751
13,6038,0.647887323943662,0.5927784116157413,0.5821919893792591
14,505,0.3591549295774648,0.071004008244012,-0.3501735441573468
14,1010,0.46830985915492956,0.425193521043108,0.2766461545058856
14,1515,0.6091549295774648,0.5518327037870782,0.5191494262501046
14,2020,0.5598591549295775,0.4824116719967395,0.37364864864864866
14,2525,0.5598591549295775,0.5175080126068848,0.43104931192660545
14,3030,0.5528169014084507,0.5238878911177463,0.450569014084507
14,3535,0.5845070422535211,0.5704231336154271,0.5434209700696493
14,4040,0.5774647887323944,0.5312080602806278,0.4754856614246068
14,4545,0.6408450704225352,0.5668372155231214,0.5514023218639497
14,5050,0.676056338028169,0.6148975345955843,0.606241034631936
14,5555,0.6338028169014085,0.5461172187162886,0.5423307994114762
14,6038,0.6302816901408451,0.5181668580262577,0.5189850638833904
15,505,0.4014084507042254,0.11866964724238319,0.05287536907115964
15,1010,0.5,0.4194204989595494,0.39568256361034726
15,1515,0.4507042253521127,0.36992152609806356,0.1868663287086445
15,2020,0.5492957746478874,0.5196873831383295,0.5200752823086574
15,2525,0.4964788732394366,0.49398114704161245,0.3340351032709865
15,3030,0.6056338028169014,0.4979802949379271,0.41770851937846054
15,3535,0.6197183098591549,0.4930433896620468,0.47796922267525976
15,4040,0.6232394366197183,0.5672035281945517,0.5281352026118686
15,4545,0.6197183098591549,0.5426922360764646,0.5218500659502238
15,5050,0.6197183098591549,0.5719370869773011,0.5513451732020398
15,5555,0.6161971830985915,0.49726009568624513,0.4778524726033705
15,6038,0.6302816901408451,0.5513209490206368,0.5336427801758491
16,505,0.4225352112676056,0.3130748170932686,0.25999511228739747
16,1010,0.5070422535211268,0.3672560041100503,0.3295075125208681
16,1515,0.528169014084507,0.4106610796287998,0.38001070190540454
16,2020,0.573943661971831,0.48216664327310055,0.45734167376096524
16,2525,0.5915492957746479,0.5657248998345724,0.5196811449317302
16,3030,0.5528169014084507,0.4919917935313342,0.42738716942003696
16,3535,0.5915492957746479,0.525855650497393,0.512644745903871
16,4040,0.6232394366197183,0.6098336349827036,0.5673129947027467
16,4545,0.6126760563380281,0.5719973396360453,0.5534883720930233
16,5050,0.6232394366197183,0.5764322004485855,0.5667548948291776
16,5555,0.6690140845070423,0.6060056511496036,0.590870588235294
16,6038,0.6514084507042254,0.5807655330742741,0.5719780483128836
17,505,0.47183098591549294,0.3285642052334952,0.3288780313798825
17,1010,0.41901408450704225,0.40099720270995154,0.15138351463824196
17,1515,0.5176056338028169,0.4360001491301914,0.40825214511770647
17,2020,0.5563380281690141,0.4699582050754383,0.408644557542046
17,2525,0.5809859154929577,0.5004788516787921,0.4871656896867558
17,3030,0.6373239436619719,0.5706864144780376,0.5636795455929491
17,3535,0.5845070422535211,0.48024150419337186,0.47539537385691233
17,4040,0.6161971830985915,0.5296215146081727,0.5161883472743005
17,4545,0.6373239436619719,0.5628185317844688,0.5581084644458116
17,5050,0.6161971830985915,0.5648730227177342,0.5174413689318746
17,5555,0.647887323943662,0.5816394225067937,0.5758625451699773
17,6038,0.6584507042253521,0.5511483415644717,0.5503417925118399
18,505,0.38028169014084506,0.25055017635372795,-0.1722615057130974
18,1010,0.5528169014084507,0.44586074040344026,0.43194760820045563
18,1515,0.5352112676056338,0.4993028356178663,0.4960165920463524
18,2020,0.5809859154929577,0.5410058306920569,0.5027119348212431
18,2525,0.5774647887323944,0.47770767348770476,0.4216446403986467
18,3030,0.5915492957746479,0.5462229096736579,0.5427790556081721
18,3535,0.573943661971831,0.5384997603284756,0.4984533249587816
18,4040,0.5845070422535211,0.5185476248034558,0.49944761414713135
18,4545,0.6267605633802817,0.5769383165294479,0.5583614007380787
18,5050,0.6725352112676056,0.6279609625371088,0.6111653164881607
18,5555,0.6443661971830986,0.5621500862387087,0.5538945712037766
18,6038,0.6302816901408451,0.5606738510187422,0.5384294649061848
19,505,0.4894366197183099,0.31781133240687887,0.3114456895212113
19,1010,0.5211267605633803,0.42718392929909377,0.3989229898737635
19,1515,0.5176056338028169,0.36531886841299105,0.28438929034757654
19,2020,0.46830985915492956,0.45735298485932585,0.3357824216282749
19,2525,0.5845070422535211,0.5155694482925739,0.5034921505739365
19,3030,0.6338028169014085,0.5498839092085613,0.5458660115787153
19,3535,0.6232394366197183,0.5453319287630214,0.5388067596853368
19,4040,0.5387323943661971,0.46242807186443896,0.3620037807183365
19,4545,0.6654929577464789,0.5628340156279937,0.5431103948428686
19,5050,0.6197183098591549,0.5176837017035033,0.4594279661016949
19,5555,0.6232394366197183,0.5459822804240616,0.5406843701772126
19,6038,0.6091549295774648,0.5382070842192155,0.4808021239468092
20,505,0.25704225352112675,nan,-0.4967263203841119
20,1010,0.5387323943661971,0.4645366176522328,0.46022031823745424
20,1515,0.5704225352112676,0.4465704477826811,0.403226961883717
20,2020,0.5140845070422535,0.4514345607041417,0.3345473780491164
20,2525,0.6197183098591549,0.575864694874927,0.5325103634656345
20,3030,0.6443661971830986,0.53030099974914,0.5107798165137614
20,3535,0.6232394366197183,0.5523243646635921,0.5491467368034743
20,4040,0.5669014084507042,0.5199167511866308,0.3766376546037562
20,4545,0.6549295774647887,0.5767715289999983,0.5609244948906928
20,5050,0.6514084507042254,0.5892385189581854,0.5847457627118644
20,5555,0.6443661971830986,0.576413025589691,0.5625172477880592
20,6038,0.6549295774647887,0.5600584956466325,0.5561558799862054
21,505,0.44366197183098594,0.31803300629966585,0.29353172916951753
21,1010,0.43661971830985913,0.42374160840768993,0.16727953541559226
21,1515,0.49295774647887325,0.44644475964895747,0.35156407669021184
21,2020,0.5422535211267606,0.4411189287316971,0.4284152889492562
21,2525,0.5352112676056338,0.4853131604906885,0.4796921143225792
21,3030,0.6197183098591549,0.5569719660197749,0.5576210885486019
21,3535,0.6654929577464789,0.5723181686947417,0.5709888059701492
21,4040,0.6408450704225352,0.5720826137459466,0.5633876842594178
21,4545,0.6302816901408451,0.604167237211793,0.5690956328096004
21,5050,0.6690140845070423,0.6156249939385899,0.612013175291689
21,5555,0.6338028169014085,0.5615613086421012,0.5529782775576257
21,6038,0.6126760563380281,0.5712282271895527,0.5461857401527279
22,505,0.352112676056338,0.0070417854916867305,-0.4021993262108874
22,1010,0.5352112676056338,0.464112327518,0.4390847820427527
22,1515,0.545774647887324,0.45772805331840677,0.4545454545454546
22,2020,0.5774647887323944,0.4836935768317707,0.4436735634895529
22,2525,0.5985915492957746,0.4537439554025482,0.4171996345363179
22,3030,0.602112676056338,0.5168506860671892,0.5117238748605677
22,3535,0.6408450704225352,0.5470005342726708,0.5101746976387023
22,4040,0.6514084507042254,0.5772714813404797,0.5659390929290289
22,4545,0.6443661971830986,0.5844472841397137,0.5824191527249544
22,5050,0.6126760563380281,0.54757747486179,0.5346751729715158
22,5555,0.6654929577464789,0.5972094789055992,0.5902439024390245
22,6038,0.6161971830985915,0.5301199145388907,0.5263205572107255
23,505,0.4647887323943662,0.3946653798029099,0.17632722645088494
23,1010,0.3485915492957746,nan,-0.4061187909740467
23,1515,0.5633802816901409,0.4272902164812998,0.40935961874007143
23,2020,0.5669014084507042,0.4896257732250339,0.48919197820377713
23,2525,0.6338028169014085,0.5528344944474683,0.5487721691678035
23,3030,0.6197183098591549,0.5574575652925445,0.5391798574674769
23,3535,0.6690140845070423,0.6201443029404327,0.6086110961050186
23,4040,0.6619718309859155,0.6094062984595721,0.6059099812548706
23,4545,0.6126760563380281,0.5270518614087725,0.45503877357307887
23,5050,0.6971830985915493,0.61284997196384,0.6051422045182318
23,5555,0.6654929577464789,0.5942825757644238,0.5910342002158071
23,6038,0.6549295774647887,0.6076098766387902,0.5495090598614931
24,505,0.41901408450704225,0.26333036424814377,0.03230827899649291
24,1010,0.3485915492957746,nan,-0.4061187909740467
24,1515,0.49295774647887325,0.3921209296718203,0.22748769248469525
24,2020,0.5246478873239436,0.4590281270969192,0.31542109223258497
24,2525,0.545774647887324,0.47964277418435164,0.3998267898383372
24,3030,0.6091549295774648,0.5249738468203607,0.5002355993369958
24,3535,0.6267605633802817,0.5890724401699474,0.5860012131832582
24,4040,0.6056338028169014,0.5360943143391376,0.5159947928893062
24,4545,0.6302816901408451,0.5579150659721045,0.5585679103884755
24,5050,0.4894366197183099,0.38320562470634395,0.3067138819195224
24,5555,0.6232394366197183,0.5637557905000559,0.5369697347504909
24,6038,0.647887323943662,0.5711155290095391,0.5460902733630006
25,505,0.35563380281690143,0.13537043010503783,-0.2790646492434663
25,1010,0.5492957746478874,0.452070251288136,0.44327412300276714
25,1515,0.5352112676056338,0.43329317038090387,0.43162806774974083
25,2020,0.6091549295774648,0.5255252512820012,0.5012163600425725
25,2525,0.5809859154929577,0.48048705591227925,0.4354091181607277
25,3030,0.5915492957746479,0.494287896998091,0.45846468103900406
25,3535,0.6161971830985915,0.5733375144743816,0.5695241497889825
25,4040,0.6654929577464789,0.5343912738324277,0.5288121686442817
25,4545,0.5880281690140845,0.5029250482720821,0.47369753430206063
25,5050,0.6549295774647887,0.5928822239280335,0.5896133825121741
25,5555,0.6408450704225352,0.5703009026016368,0.5669451709213784
25,6038,0.6690140845070423,0.5825528094947451,0.5472418853591161
26,505,0.2605633802816901,-0.0070417854916867305,-0.4941915162351669
26,1010,0.5563380281690141,0.47391709370189444,0.4546614411243203
26,1515,0.5880281690140845,0.47219733624144083,0.4643115170152462
26,2020,0.5211267605633803,0.5174080715109164,0.39323319526922496
26,2525,0.5774647887323944,0.5492145863898041,0.5079491807831158
26,3030,0.6197183098591549,0.5517579356162017,0.5514634789487562
26,3535,0.6056338028169014,0.5274945439448614,0.5201057676031263
26,4040,0.602112676056338,0.4976728139035291,0.48372124011726036
26,4545,0.6161971830985915,0.5279974723806196,0.5114317367558356
26,5050,0.6584507042253521,0.5838533575425159,0.5675382433826057
26,5555,0.6267605633802817,0.5659236303962082,0.5328947368421053
26,6038,0.6443661971830986,0.6232527149191798,0.6049631374933495
27,505,0.3626760563380282,0.014158817668452154,-0.3905579399141632
27,1010,0.5492957746478874,0.4552117175847267,0.44571592869465204
27,1515,0.5880281690140845,0.5094358635853948,0.5049564344556832
27,2020,0.5387323943661971,0.4659304391737107,0.39012108283508107
27,2525,0.5598591549295775,0.5243426373456326,0.4485143223599828
27,3030,0.6091549295774648,0.5459077250781941,0.544618954131715
27,3535,0.573943661971831,0.5391618463188209,0.4362233318202451
27,4040,0.6549295774647887,0.5878845597119552,0.5840440165061899
27,4545,0.6338028169014085,0.618339524611366,0.5815639594165996
27,5050,0.5633802816901409,0.4850876683896167,0.4223383756727427
27,5555,0.647887323943662,0.5891670608498455,0.5840649329136989
27,6038,0.6408450704225352,0.5864790949803328,0.5848930481283423
28,505,0.4647887323943662,0.3580493158484608,0.26291622936742676
28,1010,0.35563380281690143,0.009976229991815366,-0.39829946996466425
28,1515,0.4647887323943662,0.3539631929808382,0.16826580060388463
28,2020,0.45774647887323944,0.35987361017253827,0.09835180922091258
28,2525,0.602112676056338,0.5030692479431408,0.4654858815961671
28,3030,0.6232394366197183,0.5056451088704043,0.49942187313105546
28,3535,0.6161971830985915,0.5408171180031701,0.5319958071491147
28,4040,0.6232394366197183,0.509666142092815,0.46454759576926496
28,4545,0.6302816901408451,0.5449432613544886,0.5325084740282486
28,5050,0.6619718309859155,0.5954941192368978,0.5871335918581613
28,5555,0.6443661971830986,0.5353643463984613,0.5160917325110811
28,6038,0.6690140845070423,0.5669622872215386,0.5469586374695863
29,505,0.5,0.3619766714297725,0.3327898602092607
29,1010,0.4894366197183099,0.41460888624900744,0.28006304866568876
29,1515,0.5211267605633803,0.49842209542832294,0.43040370058873
29,2020,0.5140845070422535,0.4597014660112165,0.3496001573151546
29,2525,0.5985915492957746,0.5325183780705937,0.5224914660438376
29,3030,0.5704225352112676,0.49800437588476526,0.3852660660528444
29,3535,0.6443661971830986,0.5647353616200285,0.55613918717843
29,4040,0.6056338028169014,0.5348053601351256,0.5277021094576646
29,4545,0.5633802816901409,0.4632022390064477,0.3612143995423528
29,5050,0.6690140845070423,0.5658904160123965,0.55531509644245
29,5555,0.6443661971830986,0.5923633931273857,0.5818039828192112
29,6038,0.6091549295774648,0.5244208261857953,0.4400042544785985
30,505,0.35563380281690143,0.13494761402445218,-0.32195330905975594
30,1010,0.4471830985915493,0.3475008554236772,0.2916104637020984
30,1515,0.5387323943661971,0.42704903935767896,0.42480825827164903
30,2020,0.5492957746478874,0.41375745369322503,0.34404483781112405
30,2525,0.6197183098591549,0.521934712869892,0.511800419472348
30,3030,0.5563380281690141,0.4595671249943956,0.45277085927770855
30,3535,0.5985915492957746,0.505125448680449,0.4949722986258549
30,4040,0.5880281690140845,0.5280252152085999,0.4580540968117599
30,4545,0.5985915492957746,0.5562683282940912,0.5456702548589674
30,5050,0.6302816901408451,0.5711923458790336,0.5523684210526316
30,5555,0.6725352112676056,0.5943838133097408,0.5891764206905082
30,6038,0.6056338028169014,0.513394754570579,0.49308080891185235
31,505,0.4225352112676056,0.38963588212724753,0.09371694520837737
31,1010,0.4788732394366197,0.428412166465296,0.2917355038884636
31,1515,0.5316901408450704,0.4243805871643242,0.33789944083896606
31,2020,0.47183098591549294,0.5015836142614333,0.36472890038406014
31,2525,0.5598591549295775,0.42329710340666293,0.40599157434857236
31,3030,0.5422535211267606,0.5029711394510723,0.41945823224341705
31,3535,0.6267605633802817,0.5631677691426983,0.5474291532326488
31,4040,0.6549295774647887,0.5796226821784786,0.5727513307251322
31,4545,0.5950704225352113,0.5825603338834814,0.5534191994069682
31,5050,0.6514084507042254,0.6108010815020347,0.6101008557457213
31,5555,0.6197183098591549,0.5464488374891676,0.5193241635834314
31,6038,0.6514084507042254,0.5876968557575892,0.5778870665734203
32,505,0.426056338028169,0.32901263438016093,0.12414190943178527
32,1010,0.46830985915492956,0.25978074469836454,0.20476858345021032
32,1515,0.35563380281690143,0.009976229991815366,-0.39829946996466425
32,2020,0.5528169014084507,0.44375775804896866,0.3849763650065081
32,2525,0.5704225352112676,0.5230951263814687,0.4904231278734513
32,3030,0.6126760563380281,0.536465525727369,0.5356865787432117
32,3535,0.5880281690140845,0.526211775441491,0.49095303867403306
32,4040,0.6267605633802817,0.525600025442917,0.5261897284954679
32,4545,0.6161971830985915,0.549384188410585,0.5411469233989117
32,5050,0.6443661971830986,0.5961798715990212,0.581176770249618
32,5555,0.6197183098591549,0.5336911519877356,0.5033729274551686
32,6038,0.6161971830985915,0.5620250279960465,0.5409562815506239
33,505,0.4225352112676056,0.2771198052741345,0.03966679888932956
33,1010,0.47183098591549294,0.35888088045260524,0.29957611723386224
33,1515,0.5,0.43350347446951415,0.3950617283950617
33,2020,0.5352112676056338,0.4681142327339781,0.4206826088014207
33,2525,0.5985915492957746,0.5110833075475938,0.5036645440346028
33,3030,0.5880281690140845,0.48030315615785574,0.47798822255548534
33,3535,0.5528169014084507,0.43665501908808213,0.402498265093685
33,4040,0.6197183098591549,0.5162233638490432,0.4972314725413308
33,4545,0.6302816901408451,0.543049845670074,0.49315455187014823
33,5050,0.6408450704225352,0.561424509836558,0.5491910951327434
33,5555,0.6584507042253521,0.6214133472219233,0.6107583298600043
33,6038,0.6161971830985915,0.48644815421389287,0.46486364858023255
34,505,0.5,0.41610846542676455,0.34407218676463136
34,1010,0.5492957746478874,0.4030582516769496,0.3893135786902041
34,1515,0.5176056338028169,0.45336773200033903,0.38927253342081525
34,2020,0.47183098591549294,0.4264412382501502,0.1829971181556196
34,2525,0.602112676056338,0.5468818133458044,0.5031281198003328
34,3030,0.6126760563380281,0.5905967665070828,0.5817572796749539
34,3535,0.6373239436619719,0.5814292109771639,0.5391303372928007
34,4040,0.6443661971830986,0.5980667444892028,0.5740314017133946
34,4545,0.6408450704225352,0.6331422407795299,0.6251049863294396
34,5050,0.6443661971830986,0.5976829677045696,0.5869042152631097
34,5555,0.6690140845070423,0.5964218627095247,0.5788922742238258
34,6038,0.6443661971830986,0.6003122503949714,0.586962203402083
35,505,0.426056338028169,0.23901818430328228,0.10662449683726283
35,1010,0.4859154929577465,0.38227881571707645,0.3468627185255455
35,1515,0.4964788732394366,0.46610020047435347,0.4301383705200711
35,2020,0.573943661971831,0.49748584517205624,0.4882753464526982
35,2525,0.5704225352112676,0.47204853859569795,0.4713398741285414
35,3030,0.5845070422535211,0.48833572980028567,0.45842156140673906
35,3535,0.5950704225352113,0.548059646390978,0.5339062666809011
35,4040,0.6126760563380281,0.5496487593677688,0.5351387358766109
35,4545,0.647887323943662,0.5746411238009839,0.5621478758347653
35,5050,0.6443661971830986,0.6110639194447448,0.6072012807451608
35,5555,0.676056338028169,0.5738413940923589,0.5701098536207421
35,6038,0.6302816901408451,0.5660904286179702,0.5475833422933489
36,505,0.35563380281690143,0.009976229991815366,-0.39829946996466425
36,1010,0.5176056338028169,0.456157981536955,0.3810969697305504
36,1515,0.5598591549295775,0.4739123102225527,0.46562500000000007
36,2020,0.5633802816901409,0.46646323595140515,0.44847145022738755
36,2525,0.5880281690140845,0.5074677589583407,0.46952182782120566
36,3030,0.647887323943662,0.5858548563280144,0.5756537299323058
36,3535,0.4788732394366197,0.40732894234054107,0.2657806469544125
36,4040,0.6443661971830986,0.5853091199327418,0.5838008133348336
36,4545,0.6408450704225352,0.5570504166381232,0.5447408332589883
36,5050,0.6232394366197183,0.5914776648452527,0.5682950219406585
36,5555,0.6443661971830986,0.5825130059755067,0.5735328627904038
36,6038,0.6549295774647887,0.6081608783628757,0.5987554904831626
37,505,0.4964788732394366,0.34062936676584676,0.3359230802249218
37,1010,0.3732394366197183,0.2933810597458674,-0.04176123467998183
37,1515,0.4859154929577465,0.44190188937202723,0.3227040816326531
37,2020,0.5140845070422535,0.4314323590977835,0.3986947654656696
37,2525,0.6549295774647887,0.6278257568187738,0.6191387397761332
37,3030,0.5915492957746479,0.5028545518355096,0.40396055884753856
37,3535,0.6338028169014085,0.5943635875917918,0.5930013458950202
37,4040,0.5985915492957746,0.5131854973519819,0.4574226779765139
37,4545,0.5563380281690141,0.4722049095094656,0.4151451199848242
37,5050,0.6161971830985915,0.5494325344562773,0.5422728845348435
37,5555,0.6408450704225352,0.586097561288671,0.5733583355230156
37,6038,0.5774647887323944,0.4730338710909474,0.391041780375724
38,505,0.43661971830985913,0.2748444068974134,0.1638756954810695
38,1010,0.45422535211267606,0.3532231239805207,0.16084154921560145
38,1515,0.5669014084507042,0.42170354199512494,0.3890652516451941
38,2020,0.5950704225352113,0.49259517778371414,0.4844947906428151
38,2525,0.5809859154929577,0.5123713069803055,0.5031443298969072
38,3030,0.6443661971830986,0.6011657739915046,0.5956439393939394
38,3535,0.6267605633802817,0.5577575721730643,0.5368013281682347
38,4040,0.6338028169014085,0.5943442583572089,0.574194990799076
38,4545,0.6267605633802817,0.5870076323928475,0.5857126798561151
38,5050,0.6267605633802817,0.5762062241986139,0.5488251579937262
38,5555,0.6549295774647887,0.5824659333801085,0.5743642676175283
38,6038,0.6654929577464789,0.5431562152094617,0.5264910463223323
39,505,0.3732394366197183,0.06821585796302325,-0.32457191780821937
39,1010,0.46830985915492956,0.38557416118094395,0.223509461010845
39,1515,0.5633802816901409,0.46621130478671546,0.4254804597186379
39,2020,0.5598591549295775,0.4918887557456494,0.4644908336268819
39,2525,0.6443661971830986,0.5345240040575703,0.5257841544944881
39,3030,0.6197183098591549,0.562462971618918,0.5507159134884121
39,3535,0.602112676056338,0.5456895806349701,0.542945563391
39,4040,0.6408450704225352,0.5456619254404533,0.5017600295993299
39,4545,0.602112676056338,0.5037379435823001,0.4710712455151205
39,5050,0.6408450704225352,0.5560105858747763,0.5491114657434204
39,5555,0.6373239436619719,0.5320600588744981,0.5223251895534962
39,6038,0.6549295774647887,0.6090043071349167,0.6045862903556631
40,505,0.4295774647887324,0.306112016708312,0.2540252688733423
40,1010,0.4647887323943662,0.41268286606997345,0.3052564131387846
40,1515,0.47183098591549294,0.430996453599034,0.17041733435518713
40,2020,0.5633802816901409,0.49202332476565247,0.48580756325383145
40,2525,0.5950704225352113,0.5189660384389322,0.49729559583453553
40,3030,0.6126760563380281,0.5552202771951967,0.5546432491767288
40,3535,0.6161971830985915,0.5629038212812534,0.5556230130695867
40,4040,0.647887323943662,0.5599513160371682,0.5558307926829269
40,4545,0.6232394366197183,0.5613183047110605,0.5399434347181008
40,5050,0.6901408450704225,0.6512328731921697,0.6431317013959135
40,5555,0.6971830985915493,0.6286254594081988,0.6283205811554333
40,6038,0.6690140845070423,0.5924309833839684,0.5903543482126978
41,505,0.352112676056338,0.0070417854916867305,-0.4021993262108874
41,1010,0.4894366197183099,0.3632717533864743,0.22633224173861266
41,1515,0.5140845070422535,0.4015084103024966,0.4020966007774378
41,2020,0.5598591549295775,0.5008959775870722,0.42461177270807393
41,2525,0.5950704225352113,0.5010438509062314,0.49517980648470805
41,3030,0.6302816901408451,0.5567657251212174,0.5293220688234082
41,3535,0.6795774647887324,0.6246824541521676,0.6245193540117918
41,4040,0.6866197183098591,0.626814828951603,0.6212254750610492
41,4545,0.6373239436619719,0.5903144222772202,0.5436712195517368
41,5050,0.6408450704225352,0.5576585447098213,0.549956705791803
41,5555,0.6725352112676056,0.5955227172431378,0.5814636156077799
41,6038,0.6584507042253521,0.6152370723141785,0.6146809133489461
42,505,0.4964788732394366,0.35806269819097464,0.33796258138959856
42,1010,0.4471830985915493,0.3509058717089421,0.15807899072227505
42,1515,0.397887323943662,0.38667504515449874,0.05583373745990383
42,2020,0.5563380281690141,0.4001376156564254,0.3414289600904087
42,2525,0.6408450704225352,0.5764295169667355,0.5642031856327836
42,3030,0.5845070422535211,0.5390309840575414,0.4644336263895953
42,3535,0.6126760563380281,0.5443590630073122,0.49092399578404966
42,4040,0.5774647887323944,0.5387521873414819,0.47125217055759216
42,4545,0.7007042253521126,0.6177957830097038,0.608486468426328
42,5050,0.6302816901408451,0.5939274961878126,0.5604053318824809
42,5555,0.6725352112676056,0.602775200611244,0.5878997445159018
42,6038,0.6408450704225352,0.5688598255673557,0.5178766651820059
43,505,0.36619718309859156,0.2713468182696134,-0.12219316764226074
43,1010,0.3274647887323944,0.229895259263954,-0.20417304130767366
43,1515,0.5563380281690141,0.4905221288016294,0.4381662870159453
43,2020,0.5035211267605634,0.46524374160288173,0.32138542538785275
43,2525,0.5985915492957746,0.4772442108940464,0.4745318155589361
43,3030,0.6197183098591549,0.5313839667188209,0.511462140992167
43,3535,0.5985915492957746,0.5545928296238144,0.552829320656341
43,4040,0.6373239436619719,0.5792042472910476,0.556592135697764
43,4545,0.6795774647887324,0.5891633087027728,0.5874932843839541
43,5050,0.6830985915492958,0.5937785579366474,0.560569201954748
43,5555,0.6408450704225352,0.5615321334201392,0.5535242304194161
43,6038,0.6549295774647887,0.6236209763991647,0.6073298429319371
44,505,0.44366197183098594,0.3744642540429458,0.096997893258427
44,1010,0.39436619718309857,0.40080151041161743,0.12370178041543023
44,1515,0.4647887323943662,0.4545952128192072,0.3391003460207612
44,2020,0.45774647887323944,0.39960116093016956,0.2709926269797923
44,2525,0.5035211267605634,0.5127880704714382,0.3282432699269401
44,3030,0.5774647887323944,0.5186953629467136,0.48548399532640985
44,3535,0.6267605633802817,0.5616650896655541,0.4900126156433978
44,4040,0.6197183098591549,0.5958086702262478,0.5892249310027599
44,4545,0.676056338028169,0.6541418047083909,0.6399909474385652
44,5050,0.6267605633802817,0.5382568487340709,0.4931706511651741
44,5555,0.6690140845070423,0.6145623044801042,0.6065371315659476
44,6038,0.6373239436619719,0.5690575470393892,0.5609823012626278
45,505,0.3626760563380282,0.014158817668452154,-0.3905579399141632
45,1010,0.528169014084507,0.41207887083960104,0.40926523509435875
45,1515,0.5492957746478874,0.42950264070303523,0.40551278867643414
45,2020,0.5563380281690141,0.4427807597314382,0.3530913832445942
45,2525,0.6056338028169014,0.49589091806872937,0.49369349257729667
45,3030,0.528169014084507,0.46425525622889763,0.29979857564204027
45,3535,0.6267605633802817,0.5674718740635686,0.5677611235182958
45,4040,0.6126760563380281,0.5323541488473117,0.4959103840682788
45,4545,0.6373239436619719,0.5889299066122327,0.587853101026593
45,5050,0.7112676056338029,0.6571648579456555,0.6552817283682554
45,5555,0.6161971830985915,0.5611164858676471,0.5549581875158605
45,6038,0.6408450704225352,0.5813224581614883,0.5667345899133979
46,505,0.43661971830985913,0.3336837204801654,0.07812621865981906
46,1010,0.46830985915492956,0.45598155783859423,0.2956044452475606
46,1515,0.5492957746478874,0.504966432647246,0.48463035375502517
46,2020,0.602112676056338,0.5115296980820856,0.48193050403665727
46,2525,0.573943661971831,0.4499977076084143,0.44454572600543774
46,3030,0.6302816901408451,0.5773345448824693,0.5671781337467676
46,3535,0.6232394366197183,0.5710228408257907,0.5592405767168447
46,4040,0.573943661971831,0.4899780853485262,0.41526741913612264
46,4545,0.6795774647887324,0.604831346444714,0.5872992766119459
46,5050,0.6690140845070423,0.5782584390279534,0.5687941551323539
46,5555,0.6654929577464789,0.595202794603571,0.5810377075299605
46,6038,0.6514084507042254,0.6014724859991334,0.5827163247100803
47,505,0.38380281690140844,0.26141614536388347,0.05082940191751628
47,1010,0.5352112676056338,0.4035312009493155,0.389148902350718
47,1515,0.5563380281690141,0.47286037617033316,0.46756717711644025
47,2020,0.6056338028169014,0.5494880247072088,0.5206662553979025
47,2525,0.5,0.43001124831271664,0.29718353738159786
47,3030,0.6161971830985915,0.5753258413341773,0.566919547227024
47,3535,0.6056338028169014,0.5618846648082024,0.5202625820568928
47,4040,0.6232394366197183,0.5631741932656248,0.5157077439370479
47,4545,0.5880281690140845,0.5688542968935418,0.5516946521965762
47,5050,0.6161971830985915,0.5372112213709003,0.5194216388904214
47,5555,0.5809859154929577,0.555590974254257,0.4541714396347267
47,6038,0.6584507042253521,0.5935110716891556,0.5891749724724582
48,505,0.5035211267605634,0.28124630100587183,0.2718888629465328
48,1010,0.5176056338028169,0.4191937356208006,0.3849331825420639
48,1515,0.4119718309859155,0.3354718271680489,0.03834801762114537
48,2020,0.5669014084507042,0.5119093457828701,0.4884092171016102
48,2525,0.5352112676056338,0.4604660787997484,0.35920845613490815
48,3030,0.6197183098591549,0.5737350992162623,0.5391492820373882
48,3535,0.6056338028169014,0.5696242137295575,0.5688720870459218
48,4040,0.6373239436619719,0.5809048420178898,0.5761558609729539
48,4545,0.6267605633802817,0.5637182897393869,0.5305816135084427
48,5050,0.6373239436619719,0.5720163570843165,0.5507944330424259
48,5555,0.6126760563380281,0.5432666786343491,0.5338923337091319
48,6038,0.5950704225352113,0.529557255475175,0.478634790134141
49,505,0.35563380281690143,0.009976229991815366,-0.39829946996466425
49,1010,0.49295774647887325,0.44170192971440037,0.38060992262175686
49,1515,0.4753521126760563,0.38102424003245583,0.26133795589775777
49,2020,0.6091549295774648,0.5057190019567477,0.49051908854226667
49,2525,0.5950704225352113,0.5135969716719125,0.46151853770443285
49,3030,0.6232394366197183,0.5591552230361995,0.5412710432807131
49,3535,0.6197183098591549,0.5390297586924009,0.5276981881125531
49,4040,0.6443661971830986,0.5690756838996515,0.5597993387299054
49,4545,0.6549295774647887,0.6150249932014819,0.6021990604320665
49,5050,0.6338028169014085,0.5684772049682585,0.5552248815861174
49,5555,0.6830985915492958,0.639201020598275,0.6361784041786742
49,6038,0.6584507042253521,0.5829413397059182,0.5642585046801312
