id,repetition,value,confidence
10273,0,0,0.5060072442138335
10367,0,1,0.8683462738990784
10881,0,0,0.5122677859035321
11191,0,1,0.929735541343689
11745,0,0,0.5144596962927608
12255,0,-1,0.9999999918347058
12363,0,0,0.5111615591868031
12367,0,1,0.9997473359107971
12501,0,0,0.5398012280120668
12681,0,1,0.7342620491981506
12727,0,0,0.5540096461772919
13105,0,-1,0.9866283107548952
13623,0,0,0.5010985355474986
13921,0,-1,0.6316096484661102
13997,0,-1,0.6607154980301857
14315,0,0,0.5184291526384186
15261,0,1,0.7950281500816345
15479,0,0,0.505434675316792
16435,0,0,0.5164742130496052
16609,0,-1,0.9983393920119852
17355,0,1,0.9988145232200623
17403,0,-1,0.8531147092580795
17825,0,0,0.5209143646352459
18167,0,0,0.5067815060306771
18203,0,-1,0.9999627596698701
18231,0,0,0.5227768991899211
18267,0,-1,0.19919413328170776
18463,0,-1,0.9962641377933323
18751,0,-1,0.9503409266471863
20099,0,-1,0.9922380400821567
20671,0,-1,0.9578166678547859
21653,0,1,0.9999409914016724
21973,0,1,0.9999991655349731
23939,0,-1,0.9999199003141257
24207,0,1,0.9952276945114136
25057,0,-1,0.9882158376276493
25859,0,1,0.9995923638343811
26049,0,0,0.5069261701428331
26193,0,1,0.9992192983627319
26615,0,-1,0.9997669880103786
26857,0,-1,0.9998251033684937
26983,0,0,0.5088011618727251
27069,0,0,0.5501050670566983
27865,0,0,0.3833058327436447
28489,0,0,0.537921010757226
28877,0,0,0.5021569120381173
29203,0,1,0.9935882091522217
30387,0,1,0.9996594190597534
30591,0,1,0.9839635491371155
30629,0,1,0.9894753694534302
31705,0,-1,0.9999865275649427
31787,0,0,0.2322278618812561
33171,0,0,0.3313590884208679
33235,0,1,0.994906485080719
33737,0,1,0.8771329522132874
33933,0,1,0.9999758005142212
34959,0,0,0.5035078058135696
35149,0,1,0.9809310436248779
35327,0,0,0.5481912401686486
36159,0,-1,0.9994114456349052
36311,0,0,0.5214383146076216
39853,0,1,0.7766955494880676
40067,0,1,0.8037661910057068
40877,0,0,0.5114747287007049
41177,0,-1,0.9999390380180557
41249,0,1,0.9999535083770752
42729,0,0,0.5007234048443934
43227,0,0,0.5134580330341123
43589,0,0,0.5218356871503147
43757,0,-1,0.9972184125799686
148571717,0,1,0.9999785423278809
148571718,0,1,0.8789002895355225
148571724,0,1,0.9990471005439758
148571779,0,0,0.5074139452044619
148571912,0,-1,0.5583280026912689
148572031,0,-1,0.9312298372387886
148572055,0,0,0.5111408490338363
148572080,0,0,0.5457938611102524
148572304,0,0,0.5103769935085438
148572309,0,0,0.5052399114938453
148572371,0,0,0.508127389010042
148572607,0,1,0.8992077708244324
148572626,0,1,0.9734605550765991
150277973,0,-1,0.9979733757209033
150280542,0,1,0.9947672486305237
150280548,0,1,0.9717991352081299
150280743,0,0,0.5074023733614013
150280818,0,0,0.567382236244157
150280829,0,-1,0.9453551322221756
150280838,0,-1,0.6335424184799194
150280865,0,0,0.4929225891828537
150281029,0,0,0.5063165040919557
150281053,0,0,0.51121028529451
150281163,0,1,0.9482938051223755
150281364,0,0,0.50049032503739
150281391,0,1,0.99906986951828
150281393,0,0,0.5251362454223454
150281436,0,-1,0.29104459285736084
150281460,0,0,0.5160537490501156
150281528,0,0,0.5138836134865414
150281546,0,0,0.5027560754388105
150281620,0,0,0.514445713166424
150281689,0,0,0.6566569060087204
150281721,0,0,0.4356658235192299
150281726,0,1,0.6074182391166687
150281749,0,0,0.11584669351577759
150281763,0,-1,0.787456601858139
150281780,0,0,0.5161588042974472
150281902,0,1,0.9999526739120483
150281956,0,-1,0.6738578081130981
150282064,0,0,0.5307089963453109
150282114,0,0,0.49309360422194004
150282115,0,-1,0.9999828847576282
150282116,0,0,0.5033838626695797
150282117,0,-1,0.9477284885942936
150282118,0,1,0.9587735533714294
150282119,0,1,0.9992049336433411
150282123,0,-1,0.9969130677636713
150282124,0,1,0.9944794178009033
150282126,0,-1,0.5197532474994659
150282229,0,0,0.5069910092279315
150282410,0,1,0.9965207576751709
150282473,0,1,0.521592378616333
150282475,0,1,0.2209206223487854
150284144,0,-1,0.6972582638263702
150284361,0,1,0.7586323618888855
150284544,0,0,0.5090674157254398
150284575,0,0,0.5153271129820496
150284678,0,0,0.5280475528236934
150284790,0,1,0.9999992847442627
150284858,0,-1,0.9949107328429818
150285106,0,0,0.5532796615734696
150285134,0,1,0.9851344227790833
150285160,0,-1,0.7760428637266159
150285229,0,0,0.5178378548007458
150285232,0,1,0.9999991655349731
150285233,0,-1,0.9814380556344986
150285235,0,0,0.49140399787575006
150285237,0,0,0.504235056694597
150285254,0,1,0.9995864033699036
150285303,0,1,0.9986515045166016
150285322,0,1,0.8481231331825256
150285424,0,1,0.9974348545074463
150285464,0,-1,0.9959773011505604
150285689,0,1,0.7637476325035095
150285703,0,0,0.38797931373119354
150285706,0,1,0.963965892791748
150285763,0,0,0.6806583628058434
150285805,0,1,0.9999991655349731
150285850,0,-1,0.921235091984272
150285890,0,0,0.5019092233851552
150285942,0,-1,0.7456561475992203
150285949,0,-1,0.9466026835143566
150285997,0,0,0.6028671562671661
150286068,0,0,0.5126427552190762
150286193,0,-1,0.9993738069897518
150286207,0,1,0.8312544226646423
150286325,0,-1,0.860129714012146
150286328,0,-1,0.9191388934850693
150286406,0,1,0.2583497166633606
150286491,0,0,0.4447256252169609
150286500,0,-1,0.8134215474128723
150286649,0,0,0.6512965112924576
150286710,0,1,0.8631664514541626
150286729,0,-1,0.9078252390027046
150286741,0,0,0.5437189326181624
150286742,0,0,0.7175778672099113
150286797,0,-1,0.7154089510440826
150286851,0,0,0.513320641592145
150286853,0,-1,0.9915064070373774
150286991,0,-1,0.9524454586207867
150287028,0,0,0.5031306948512793
150287082,0,0,0.5605898310896009
150287132,0,1,0.5441612005233765
150287149,0,1,0.9975957274436951
150287150,0,0,0.4888471942394972
150287152,0,1,0.9989363551139832
150287153,0,1,0.9999996423721313
150287154,0,-1,0.9980259399162605
150287155,0,0,0.5319363902086138
150287157,0,-1,0.999856472684769
150287158,0,0,0.5256090935436077
150287160,0,-1,0.9789215493947268
150287297,0,0,0.5117212462952239
150287309,0,1,0.999990701675415
150287733,0,0,0.5113655731838662
150287744,0,-1,0.9996960141288582
150287797,0,0,0.48458608984947205
150287829,0,0,0.5104305655695498
150288030,0,0,0.5266829546308145
150288147,0,0,0.5091911396884825
150288212,0,0,0.50686765746741
150288219,0,0,0.5280889659188688
150289181,0,1,0.9997735619544983
150289411,0,0,0.5168090406841657
150289675,0,0,0.6135324817150831
150289762,0,1,0.9986564517021179
150289763,0,0,0.4344305321574211
150289787,0,-1,0.9997795222880086
150289890,0,0,0.5135718664177844
150290043,0,0,0.5507374926120221
150290120,0,0,0.5654613046208397
150290155,0,-1,0.9932438083924353
150290165,0,0,0.5092754301065838
150290181,0,-1,0.9916117358952761
150290224,0,1,0.999996542930603
150290282,0,-1,0.9992770268581808
150290321,0,0,0.5102200721157715
150290550,0,1,0.9709426760673523
150290677,0,1,0.9999731779098511
150290689,0,-1,0.8513776361942291
150290728,0,0,0.5088005303114187
150290740,0,0,0.4912767522037029
150290814,0,0,0.5377436945207137
150290877,0,1,0.9209985733032227
150291001,0,0,0.7049942165613174
150291453,0,1,0.5716632604598999
150291466,0,0,0.4471975564956665
150291467,0,0,0.5200477717730791
150291524,0,1,0.6807351112365723
150291742,0,-1,0.9999988137310538
150291745,0,-1,0.40304476022720337
150291782,0,0,0.5305027805416103
150291795,0,0,0.29512807726860046
150291802,0,1,0.38831162452697754
150292079,0,0,0.5057962168721133
150292152,0,1,0.9977952837944031
150292190,0,-1,0.9997649061115226
150292252,0,0,0.49967270949855447
150292287,0,1,0.5402237772941589
150292328,0,1,0.8992308974266052
150292485,0,0,0.5205991533060796
150292504,0,1,0.9577401876449585
150292612,0,0,0.5173433493473567
150292655,0,0,0.5017877426967061
150292674,0,1,0.7702726125717163
150292763,0,0,0.5079364462289959
150292964,0,1,0.9999673366546631
150292968,0,0,0.5219847932457924
150292974,0,0,0.5207488975497654
150292985,0,-1,0.9985640061786398
150293151,0,0,0.36068984866142273
150759335,0,1,0.9999572038650513
150759487,0,1,0.999915361404419
150759520,0,0,0.5604874417185783
150759578,0,0,0.5061297523789108
150759764,0,0,0.4907994009554386
150759827,0,0,0.5438033449463546
150760005,0,-1,0.9688446410000324
150760402,0,0,0.5626743491739035
150760433,0,-1,0.877688080072403
150760834,0,1,0.7140968441963196
150760841,0,0,0.515851551283049
150760842,0,-1,0.9995837726164609
150761251,0,0,0.37883152067661285
150761497,0,1,0.9911426901817322
150761515,0,0,0.7394801527261734
150761558,0,0,0.5064061032608151
150761686,0,-1,0.9999999786850378
150761781,0,-1,0.9953323495574296
150761828,0,0,0.19256991147994995
150762167,0,-1,0.9082163944840431
163416476,0,0,0.5037499372847378
163450725,0,0,0.6807052791118622
163464790,0,0,0.5132355344048847
163464792,0,0,0.4989089732989669
163464805,0,0,0.5112737979507074
163464814,0,1,0.9999091625213623
163500016,0,0,0.5088832848828702
163500024,0,0,0.5284309063281398
163500076,0,1,0.9999287128448486
163500101,0,-1,0.9518598951399326
164107285,0,0,0.7181175649166107
164107322,0,0,0.5235595992271556
164107366,0,-1,0.9999999998974061
164107492,0,-1,0.7940441519021988
164107570,0,-1,0.9999983837381023
164107571,0,0,0.42474618554115295
164107572,0,-1,0.9976134833414108
164107712,0,-1,0.9824701957404613
164107832,0,0,0.5232310487335781
164107833,0,1,0.7951776385307312
164107913,0,-1,0.27549979090690613
164107914,0,0,0.5098493383775349
10273,1,0,0.4718795493245125
10367,1,-1,0.9295928329229355
10881,1,0,0.4926179526373744
11191,1,-1,0.5072280317544937
11745,1,0,0.5009808866998355
12255,1,-1,1.0
12363,1,0,0.5145011712738778
12367,1,1,0.9999994039535522
12501,1,0,0.5008748769287195
12681,1,-1,0.9990020781988278
12727,1,0,0.5973599916324019
13105,1,-1,0.9999999922463809
13623,1,0,0.5072891821619123
13921,1,-1,0.9657195247709751
13997,1,-1,0.9999790583606227
14315,1,0,0.5113985902862623
15261,1,-1,0.40618543326854706
15479,1,0,0.4997533727437258
16435,1,0,0.5099140196343797
16609,1,-1,0.9999999840902714
17355,1,1,0.9990674257278442
17403,1,-1,0.999716151796747
17825,1,0,0.4987317146733403
18167,1,0,0.5071602503739996
18203,1,-1,0.9999999998037865
18231,1,0,0.49519292917102575
18267,1,-1,0.9999999628447931
18463,1,-1,0.9999999924385365
18751,1,-1,0.9999766172077216
20099,1,-1,0.9999999269886999
20671,1,-1,0.9874099660664797
21653,1,1,0.9999854564666748
21973,1,1,0.9999978542327881
23939,1,-1,0.9999999999613609
24207,1,0,0.557709276676178
25057,1,-1,0.9986540959216654
25859,1,1,0.9999958276748657
26049,1,0,0.485012199729681
26193,1,1,0.992841362953186
26615,1,-1,0.9999998146335116
26857,1,-1,0.9999999664392156
26983,1,0,0.50783614825923
27069,1,0,0.50804944421958
27865,1,0,0.4485858082771301
28489,1,0,0.5069870958754876
28877,1,0,0.5029368344694376
29203,1,1,0.9974974393844604
30387,1,1,0.9999969005584717
30591,1,-1,0.9999510764791921
30629,1,1,0.9976436495780945
31705,1,-1,0.9999999999996735
31787,1,0,0.522477192338556
33171,1,-1,0.9536555670201778
33235,1,1,0.5913066267967224
33737,1,1,0.986990213394165
33933,1,1,0.9999998807907104
34959,1,0,0.5088115712860599
35149,1,-1,0.989960047416389
35327,1,0,0.5139348060604902
36159,1,-1,0.9999999998243642
36311,1,0,0.5220044808665989
39853,1,-1,0.9852280495688319
40067,1,1,0.8217702507972717
40877,1,0,0.5056924317032099
41177,1,-1,0.9999999996790334
41249,1,1,0.9999946355819702
42729,1,0,0.5319173352327198
43227,1,0,0.5066089383326471
43589,1,0,0.5069397919055518
43757,1,-1,0.9999979859564974
148571717,1,1,0.9999699592590332
148571718,1,1,0.5915572047233582
148571724,1,1,0.9999614953994751
148571779,1,0,0.5731206126511097
148571912,1,0,0.4842534139752388
148572031,1,-1,0.9994259409140795
148572055,1,0,0.501285080332309
148572080,1,0,0.5131155799910521
148572304,1,0,0.5129233507905155
148572309,1,0,0.5026340789627284
148572371,1,0,0.2262815237045288
148572607,1,-1,0.9396150633692741
148572626,1,-1,0.9184170663356781
150277973,1,-1,0.9999999936421236
150280542,1,1,0.9999895095825195
150280548,1,1,0.9787992238998413
150280743,1,0,0.5066319199104328
150280818,1,0,0.5957746636122465
150280829,1,-1,0.9999999636410557
150280838,1,-1,0.9982116395840421
150280865,1,0,0.4910665787756443
150281029,1,0,0.5051605635671876
150281053,1,0,0.5151209645155177
150281163,1,1,0.6568878293037415
150281364,1,0,0.5088632553815842
150281391,1,1,0.9733631610870361
150281393,1,0,0.49981922225560993
150281436,1,-1,0.7272085100412369
150281460,1,0,0.501723290188238
150281528,1,0,0.5025452768895775
150281546,1,0,0.5121160668131779
150281620,1,0,0.5091087168548256
150281689,1,1,0.9827417135238647
150281721,1,0,0.4709712974727154
150281726,1,-1,0.9873499060049653
150281749,1,0,0.4844747371971607
150281763,1,-1,0.99981325911358
150281780,1,-1,0.883472815155983
150281902,1,1,0.9992536902427673
150281956,1,-1,0.9999629256089975
150282064,1,0,0.5044271617462073
150282114,1,0,0.5010672125499696
150282115,1,-1,0.999999999999946
150282116,1,0,0.49011343251913786
150282117,1,-1,0.9385704807937145
150282118,1,-1,0.9998635195661336
150282119,1,1,0.9896470904350281
150282123,1,-1,0.9999931644174467
150282124,1,-1,0.9985572214936838
150282126,1,-1,0.999034309934359
150282229,1,-1,0.9721313938498497
150282410,1,-1,0.8877837508916855
150282473,1,-1,0.5267967283725739
150282475,1,0,0.3052566796541214
150284144,1,-1,0.9995512443128973
150284361,1,1,0.9833020567893982
150284544,1,-1,0.5255230963230133
150284575,1,-1,0.37243130803108215
150284678,1,0,0.5040348836919293
150284790,1,1,0.97632896900177
150284858,1,-1,0.999999970601813
150285106,1,0,0.5090254482347518
150285134,1,1,0.9816445112228394
150285160,1,-1,0.989877738058567
150285229,1,0,0.3811684548854828
150285232,1,1,1.0
150285233,1,-1,0.9073119461536407
150285235,1,-1,0.9481890983879566
150285237,1,0,0.5335172899067402
150285254,1,1,0.947547197341919
150285303,1,1,0.9999997615814209
150285322,1,-1,0.9999864403680476
150285424,1,-1,0.5222516357898712
150285464,1,-1,0.9999999840066334
150285689,1,1,0.5779908299446106
150285703,1,0,0.3544860929250717
150285706,1,1,0.9999762773513794
150285763,1,0,0.5139761503151021
150285805,1,1,1.0
150285850,1,-1,0.9999824985443411
150285890,1,0,0.4969393229112029
150285942,1,-1,0.9985447744838893
150285949,1,-1,0.9999723783075751
150285997,1,1,0.9409871101379395
150286068,1,0,0.5137363512021693
150286193,1,-1,0.9999999792172449
150286207,1,1,0.6698870658874512
150286325,1,-1,0.9867580337449908
150286328,1,-1,0.9991907587973401
150286406,1,0,0.5814725570380688
150286491,1,0,0.5333771053701639
150286500,1,-1,0.9998620600090362
150286649,1,0,0.5042477386305109
150286710,1,-1,0.999765452608699
150286729,1,-1,0.9999586836383969
150286741,1,0,0.5046502013168634
150286742,1,0,0.3436071276664734
150286797,1,-1,0.9936917806044221
150286851,1,-1,0.7028317153453827
150286853,1,-1,0.9999794211562403
150286991,1,-1,0.9999999626171139
150287028,1,0,0.5279273856431246
150287082,1,0,0.7767384108155966
150287132,1,-1,0.9963203168008476
150287149,1,1,0.6944531798362732
150287150,1,0,0.45445072650909424
150287152,1,1,0.9981359243392944
150287153,1,1,1.0
150287154,1,-1,0.9997087369556539
150287155,1,0,0.5014923149719834
150287157,1,-1,0.9999999999427751
150287158,1,-1,0.8328767567873001
150287160,1,-1,0.9999903337429714
150287297,1,0,0.5098549358226592
150287309,1,1,0.9999998807907104
150287733,1,0,0.5227385355392471
150287744,1,-1,0.9999999957869381
150287797,1,1,0.99967360496521
150287829,1,-1,0.9736272860318422
150288030,1,0,0.5085479160479736
150288147,1,0,0.4997580110502895
150288212,1,0,0.5091850540857195
150288219,1,0,0.6017211899161339
150289181,1,1,1.0
150289411,1,0,0.5010019005276263
150289675,1,-1,0.7731843441724777
150289762,1,1,0.9723284244537354
150289763,1,1,0.9390804767608643
150289787,1,-1,0.999999999999539
150289890,1,0,0.5156577803120399
150290043,1,0,0.5137303835654166
150290120,1,0,0.5152569108176976
150290155,1,-1,0.9999988156017707
150290165,1,0,0.675754863768816
150290181,1,-1,0.9999999992625526
150290224,1,1,0.9986379146575928
150290282,1,-1,0.9999999985974469
150290321,1,0,0.5029144359868951
150290550,1,1,0.9974466562271118
150290677,1,1,0.9999949932098389
150290689,1,-1,0.9999999965068624
150290728,1,0,0.5116006126627326
150290740,1,-1,0.8455739691853523
150290814,1,0,0.5355727404821664
150290877,1,-1,0.9950672863051295
150291001,1,0,0.5080668777227402
150291453,1,1,0.4108034372329712
150291466,1,-1,0.5523732900619507
150291467,1,0,0.5006520671620365
150291524,1,-1,0.6186682879924774
150291742,1,-1,0.9999999999801175
150291745,1,-1,0.9408534057438374
150291782,1,0,0.5041680328686198
150291795,1,-1,0.9952342988690361
150291802,1,-1,0.9997977311722934
150292079,1,1,0.5107848048210144
150292152,1,0,0.32090625166893005
150292190,1,-1,0.9999999898407435
150292252,1,-1,0.9846502607688308
150292287,1,-1,0.9999931084007585
150292328,1,1,0.9999959468841553
150292485,1,0,0.5105653956593414
150292504,1,1,0.9912974834442139
150292612,1,0,0.5134880357654765
150292655,1,0,0.5147340555295159
150292674,1,1,0.8951871395111084
150292763,1,0,0.4999799926299602
150292964,1,-1,0.9999656649088138
150292968,1,0,0.4999357720371336
150292974,1,0,0.5005759431660408
150292985,1,-1,0.9999999866662188
150293151,1,0,0.4376970902085304
150759335,1,1,0.9999382495880127
150759487,1,1,0.9998838901519775
150759520,1,0,0.493868556804955
150759578,1,0,0.5041543283732608
150759764,1,0,0.427009679377079
150759827,1,0,0.5101684617984574
150760005,1,-1,0.9999991387390992
150760402,1,0,0.47328050434589386
150760433,1,-1,0.9999977356585532
150760834,1,1,0.9982711672782898
150760841,1,0,0.500140730640851
150760842,1,-1,0.9999999994504474
150761251,1,0,0.4987098425626755
150761497,1,-1,0.9998288588249125
150761515,1,1,0.3078186511993408
150761558,1,0,0.5051878243684769
150761686,1,-1,0.9999999999999997
150761781,1,-1,0.9999720082741987
150761828,1,-1,0.22874686121940613
150762167,1,-1,0.9999998888598967
163416476,1,0,0.503013739362359
163450725,1,0,0.5094892177148722
163464790,1,0,0.5083658079311135
163464792,1,-1,0.6363459229469299
163464805,1,-1,0.4181782156229019
163464814,1,1,0.9999974966049194
163500016,1,0,0.49717176146805286
163500024,1,0,0.5084941611276008
163500076,1,1,0.9999971389770508
163500101,1,-1,0.8244314789772034
164107285,1,0,0.7356418408453465
164107322,1,-1,0.9744418547488749
164107366,1,-1,1.0
164107492,1,-1,0.9969377052038908
164107570,1,-1,0.9999999999927023
164107571,1,0,0.598873645067215
164107572,1,-1,0.9999292172724381
164107712,1,-1,0.9896095478907228
164107832,1,0,0.5575193073600531
164107833,1,1,0.6998715996742249
164107913,1,-1,0.9980385972885415
164107914,1,0,0.5167776619491633
10273,2,0,0.08383557200431824
10367,2,-1,0.9987531672231853
10881,2,0,0.4941765898838639
11191,2,-1,0.8880174681544304
11745,2,0,0.5135165054422259
12255,2,-1,0.999999999999999
12363,2,0,0.5035973655758426
12367,2,1,0.9999990463256836
12501,2,0,0.5194156610333494
12681,2,-1,0.900890126824379
12727,2,1,0.9348582029342651
13105,2,-1,0.9999997334053035
13623,2,0,0.5077567463376909
13921,2,-1,0.999888050435402
13997,2,-1,0.999640525173163
14315,2,0,0.5120412595420021
15261,2,0,0.5112148579210043
15479,2,0,0.5008779051713645
16435,2,0,0.5153796123058783
16609,2,-1,0.9999999974353813
17355,2,0,0.7095680013298988
17403,2,-1,0.9988701809197664
17825,2,0,0.5083903545455541
18167,2,0,0.51274864525476
18203,2,-1,0.9999984509890965
18231,2,0,0.48695420380681753
18267,2,-1,0.9999999998121659
18463,2,-1,0.9999999999716611
18751,2,0,0.5951395612210035
20099,2,-1,0.9999999985302855
20671,2,0,0.38708318769931793
21653,2,1,1.0
21973,2,1,1.0
23939,2,-1,0.9999999999972669
24207,2,0,0.5584862316027284
25057,2,-1,0.9999999983281823
25859,2,1,0.9997410178184509
26049,2,0,0.500925253611058
26193,2,1,0.3232372999191284
26615,2,-1,0.9999664132847101
26857,2,-1,0.9999999588803092
26983,2,0,0.5154249755233877
27069,2,0,0.511666107311612
27865,2,0,0.5104642576770857
28489,2,0,0.5181450479691563
28877,2,0,0.5052465271728579
29203,2,1,0.9799171090126038
30387,2,1,1.0
30591,2,-1,0.9999999997114422
30629,2,0,0.503979504108429
31705,2,-1,0.9999999999999771
31787,2,0,0.5064143202580453
33171,2,-1,0.7468833178281784
33235,2,1,0.9796426892280579
33737,2,1,0.9972388744354248
33933,2,1,1.0
34959,2,0,0.511195055427379
35149,2,0,0.4636075384914875
35327,2,0,0.523912723356081
36159,2,-1,0.9999999995217228
36311,2,0,0.6362703591585159
39853,2,-1,0.7165163457393646
40067,2,1,0.9906666874885559
40877,2,0,0.4990892967907712
41177,2,-1,0.9999999769659507
41249,2,1,0.9999754428863525
42729,2,0,0.5114603010370047
43227,2,0,0.5108042528572696
43589,2,0,0.5220207814242679
43757,2,-1,0.9999999700270159
148571717,2,1,0.9993314146995544
148571718,2,1,0.5696524381637573
148571724,2,1,1.0
148571779,2,0,0.502108623739332
148571912,2,0,0.47946793027222157
148572031,2,-1,0.9998319387814263
148572055,2,0,0.5131450554472394
148572080,2,0,0.5261148810374189
148572304,2,0,0.5031309690602939
148572309,2,0,0.5072006208210951
148572371,2,-1,0.5693747103214264
148572607,2,-1,0.9312650188803673
148572626,2,-1,0.9871973088011146
150277973,2,-1,0.9999993845701738
150280542,2,1,0.9999879598617554
150280548,2,1,0.9999802112579346
150280743,2,0,0.505796137622383
150280818,2,0,0.7242902861908078
150280829,2,-1,0.9999999737599836
150280838,2,-1,0.9779802709817886
150280865,2,0,0.5050734255928546
150281029,2,0,0.5049644919927232
150281053,2,0,0.5067211614223197
150281163,2,0,0.41225308179855347
150281364,2,0,0.4943509344011545
150281391,2,1,0.9958357810974121
150281393,2,0,0.5129145189575866
150281436,2,0,0.5178995504975319
150281460,2,0,0.5251378320305093
150281528,2,0,0.5131604218440771
150281546,2,0,0.503777132699156
150281620,2,0,0.509356207185192
150281689,2,1,0.973118782043457
150281721,2,0,0.4957931376993656
150281726,2,-1,0.651520162820816
150281749,2,0,0.503926487697754
150281763,2,-1,0.947447869926691
150281780,2,0,0.40057358145713806
150281902,2,1,1.0
150281956,2,-1,0.9967521538492292
150282064,2,0,0.5135148402194503
150282114,2,0,0.5101553137519659
150282115,2,-1,0.999999999999999
150282116,2,1,0.8602083921432495
150282117,2,-1,0.9997940338071203
150282118,2,-1,0.9997482665639836
150282119,2,1,0.6309741139411926
150282123,2,-1,0.9999086922689457
150282124,2,1,0.8354424834251404
150282126,2,1,0.8425111770629883
150282229,2,-1,0.9961991282179952
150282410,2,1,0.9984310269355774
150282473,2,0,0.40940573811531067
150282475,2,0,0.42639580368995667
150284144,2,0,0.5255619585514069
150284361,2,1,0.9390851259231567
150284544,2,-1,0.6308859586715698
150284575,2,0,0.5132982602808625
150284678,2,0,0.5190365740963898
150284790,2,1,0.9999144077301025
150284858,2,-1,0.9999728287984908
150285106,2,0,0.5087332218927259
150285134,2,1,0.9994650483131409
150285160,2,1,0.5220860838890076
150285229,2,0,0.17460346221923828
150285232,2,1,1.0
150285233,2,-1,0.5029094070196152
150285235,2,-1,0.9905601292848587
150285237,2,0,0.49746592063456774
150285254,2,0,0.5003036584239453
150285303,2,1,1.0
150285322,2,-1,0.9994080126634799
150285424,2,-1,0.979741957038641
150285464,2,-1,0.9999998788111526
150285689,2,1,0.5149053931236267
150285703,2,0,0.4122350662946701
150285706,2,1,0.9955832958221436
150285763,2,0,0.5127349146932829
150285805,2,1,1.0
150285850,2,-1,0.9994254311895929
150285890,2,0,0.5018362196278758
150285942,2,-1,0.9669262059032917
150285949,2,-1,0.9999998973097917
150285997,2,0,0.6430737860500813
150286068,2,0,0.5131872762466827
150286193,2,-1,0.9999999977035756
150286207,2,-1,0.5358265936374664
150286325,2,-1,0.7804799824953079
150286328,2,-1,0.9999705499649281
150286406,2,0,0.6619956172071397
150286491,2,0,0.5058716671628645
150286500,2,0,0.654131680727005
150286649,2,0,0.5151088203109566
150286710,2,-1,0.9994924258789979
150286729,2,-1,0.9999890897142905
150286741,2,0,0.5138267926402591
150286742,2,1,0.7432412505149841
150286797,2,-1,0.9976854531560093
150286851,2,0,0.5103474790230393
150286853,2,-1,0.9991313512437046
150286991,2,-1,0.9999973017734192
150287028,2,0,0.5321100540459156
150287082,2,-1,0.7267916053533554
150287132,2,-1,0.9537560343742371
150287149,2,1,0.9796431660652161
150287150,2,-1,0.743972972035408
150287152,2,-1,0.9999928720758362
150287153,2,1,1.0
150287154,2,-1,0.9999999975669676
150287155,2,0,0.5139728026479133
150287157,2,-1,0.9999999999973861
150287158,2,0,0.6844179914332926
150287160,2,-1,0.9998286671470851
150287297,2,0,0.5066746465890901
150287309,2,1,0.9999998807907104
150287733,2,0,0.5079836747027002
150287744,2,-1,0.9999999999299838
150287797,2,0,0.6585059696808457
150287829,2,-1,0.8526478707790375
150288030,2,0,0.5177316932526992
150288147,2,0,0.5118563747373628
150288212,2,0,0.5098495562667154
150288219,2,0,0.5111274715600302
150289181,2,1,0.9999995231628418
150289411,2,0,0.5108994964175508
150289675,2,-1,0.9882038738578558
150289762,2,1,0.9773510098457336
150289763,2,0,0.4860335662961006
150289787,2,-1,0.9999999999999976
150289890,2,0,0.5084635865518976
150290043,2,0,0.658069334924221
150290120,2,0,0.5148526896825274
150290155,2,-1,0.9995360046741553
150290165,2,0,0.5048583153402433
150290181,2,-1,0.99999999475801
150290224,2,1,0.9999837875366211
150290282,2,-1,0.9999999972674458
150290321,2,0,0.5143086824773491
150290550,2,0,0.7656683791428804
150290677,2,1,0.9999932050704956
150290689,2,-1,0.9999999999542739
150290728,2,0,0.5108531313690037
150290740,2,0,0.4780522398650646
150290814,2,0,0.5389031320810318
150290877,2,-1,0.999997611025492
150291001,2,0,0.35056714713573456
150291453,2,0,0.5067241054493934
150291466,2,0,0.3409925252199173
150291467,2,0,0.5142349772402639
150291524,2,0,0.5068797319254372
150291742,2,-1,0.999999998217397
150291745,2,-1,0.9886259958148003
150291782,2,0,0.5113485866677365
150291795,2,-1,0.7821749597787857
150291802,2,-1,0.9999584038559988
150292079,2,0,0.4975271550938487
150292152,2,1,0.9984255433082581
150292190,2,-1,0.999999680913362
150292252,2,0,0.5092708274023607
150292287,2,-1,0.9999999930966292
150292328,2,1,0.9992546439170837
150292485,2,0,0.516157104757113
150292504,2,0,0.4235586002469063
150292612,2,0,0.5159281319015463
150292655,2,0,0.5157376867937273
150292674,2,0,0.5102360732853413
150292763,2,0,0.5121124787310691
150292964,2,-1,0.7707082629203796
150292968,2,0,0.5043020989105571
150292974,2,0,0.5123866823275307
150292985,2,-1,0.9999999999945337
150293151,2,0,0.5099775416892953
150759335,2,1,0.9999696016311646
150759487,2,1,0.9999896287918091
150759520,2,0,0.48968353122472763
150759578,2,0,0.5072951909023686
150759764,2,0,0.5110307654831558
150759827,2,0,0.514421305135329
150760005,2,-1,0.9999995636398182
150760402,2,0,0.5122202709317207
150760433,2,-1,0.999999996712073
150760834,2,1,0.9306239485740662
150760841,2,0,0.5083903204094895
150760842,2,-1,0.9999999999987469
150761251,2,0,0.50586863537319
150761497,2,-1,0.9924082858487964
150761515,2,0,0.5005546719767153
150761558,2,0,0.13883376121520996
150761686,2,-1,1.0
150761781,2,-1,0.9999999999573397
150761828,2,-1,0.4957032799720764
150762167,2,-1,0.9999999810209861
163416476,2,0,0.49949703784659505
163450725,2,0,0.5347397767473012
163464790,2,0,0.5160244870203314
163464792,2,0,0.1674390435218811
163464805,2,0,0.5088070388883352
163464814,2,1,0.9999175071716309
163500016,2,0,0.5084762629121542
163500024,2,0,0.5158864802870085
163500076,2,1,0.9999699592590332
163500101,2,-1,0.999996997858716
164107285,2,0,0.5122142085315318
164107322,2,-1,0.999389142554719
164107366,2,-1,1.0
164107492,2,-1,0.9387385733425617
164107570,2,-1,0.99999999999998
164107571,2,0,0.5069943047710694
164107572,2,-1,0.9999998133084347
164107712,2,-1,0.8854059539735317
164107832,2,0,0.6564476937055588
164107833,2,-1,0.746718019247055
164107913,2,0,0.5764267966151237
164107914,2,0,0.5378161635162542
10273,3,0,0.5107844052836299
10367,3,-1,0.9665222987532616
10881,3,0,0.5003583817742765
11191,3,0,0.491055017337203
11745,3,0,0.5315382194823268
12255,3,-1,1.0
12363,3,0,0.5361445798718747
12367,3,1,1.0
12501,3,0,0.5303506811761878
12681,3,-1,0.9733443837612867
12727,3,0,0.5119352390029235
13105,3,-1,0.9999999999994238
13623,3,0,0.5192979669736815
13921,3,-1,0.818947821855545
13997,3,-1,0.9753468877170235
14315,3,0,0.5166663732379675
15261,3,0,0.5148248510085978
15479,3,0,0.5200337762726122
16435,3,0,0.5302313874946947
16609,3,-1,0.9999999946707461
17355,3,0,0.43924611806869507
17403,3,-1,0.9733927808701992
17825,3,0,0.5152064044959843
18167,3,0,0.527207220273965
18203,3,-1,0.9999999963126858
18231,3,0,0.5115929693274666
18267,3,-1,0.9999999903634675
18463,3,-1,0.9999999999819689
18751,3,-1,0.9961472937138751
20099,3,-1,0.9999999989791605
20671,3,0,0.38961951434612274
21653,3,1,0.9979492425918579
21973,3,1,1.0
23939,3,-1,0.9999999999603952
24207,3,0,0.7610756973735988
25057,3,-1,0.9998318192665465
25859,3,1,0.9985483288764954
26049,3,0,0.519372652277525
26193,3,0,0.5171466701722238
26615,3,0,0.5435608923435211
26857,3,-1,0.9999999999894023
26983,3,0,0.5308615213063916
27069,3,0,0.5248576767698978
27865,3,0,0.5090138241648674
28489,3,0,0.5324104486944314
28877,3,0,0.5211863385698052
29203,3,1,0.9530585408210754
30387,3,1,1.0
30591,3,-1,0.997686225688085
30629,3,0,0.5093073435127735
31705,3,-1,0.9999999999999976
31787,3,0,0.5243118695771045
33171,3,0,0.6097459057345986
33235,3,1,0.9993225336074829
33737,3,0,0.3162902295589447
33933,3,1,1.0
34959,3,0,0.5236863540158083
35149,3,0,0.508614203252364
35327,3,0,0.5319780775012504
36159,3,-1,0.9999999869311482
36311,3,0,0.5134506273607258
39853,3,0,0.6491459459066391
40067,3,-1,0.827812135219574
40877,3,0,0.5212490712347062
41177,3,-1,0.9999999996647885
41249,3,1,0.9964800477027893
42729,3,0,0.5283790890690625
43227,3,0,0.5277901923213904
43589,3,0,0.5383413999907212
43757,3,-1,0.9999998970956767
148571717,3,1,0.999816358089447
148571718,3,-1,0.7132084369659424
148571724,3,1,0.9999998807907104
148571779,3,0,0.5239104920529769
148571912,3,0,0.5072522917762399
148572031,3,0,0.6846961379051208
148572055,3,0,0.5302895776851244
148572080,3,0,0.5509172975961127
148572304,3,0,0.5223260641420779
148572309,3,0,0.5161686725041363
148572371,3,-1,0.597818911075592
148572607,3,-1,0.7366748154163361
148572626,3,-1,0.4351372718811035
150277973,3,0,0.8382936120033264
150280542,3,1,0.9999619722366333
150280548,3,1,0.9999803304672241
150280743,3,0,0.52175567424365
150280818,3,0,0.6213418953120708
150280829,3,-1,0.9999999999098815
150280838,3,0,0.39244145154953003
150280865,3,0,0.517910107068019
150281029,3,0,0.518665246618184
150281053,3,0,0.5277157673708359
150281163,3,0,0.5131599470041692
150281364,3,0,0.5173749091336504
150281391,3,1,0.9981852173805237
150281393,3,0,0.521446386772368
150281436,3,0,0.5493745151907206
150281460,3,0,0.5319880194394386
150281528,3,0,0.5227106206129974
150281546,3,0,0.5397602315780241
150281620,3,0,0.523432235721657
150281689,3,0,0.5119390534237027
150281721,3,0,0.5031166160479188
150281726,3,0,0.5014200177974999
150281749,3,0,0.519004708945431
150281763,3,1,0.7379056811332703
150281780,3,0,0.4975268989801407
150281902,3,0,0.9095353856682777
150281956,3,-1,0.9666177295148373
150282064,3,0,0.5222864060524444
150282114,3,0,0.5248319428087598
150282115,3,-1,1.0
150282116,3,0,0.5148942561354488
150282117,3,-1,0.5391017198562622
150282118,3,0,0.4266721308231354
150282119,3,1,0.7431803345680237
150282123,3,-1,0.9999407143041026
150282124,3,-1,0.9983504847623408
150282126,3,-1,0.9990683942451142
150282229,3,0,0.5080834281397983
150282410,3,1,0.950496256351471
150282473,3,0,0.4918921869248152
150282475,3,0,0.4973548837006092
150284144,3,0,0.5741938259452581
150284361,3,1,0.7218833565711975
150284544,3,0,0.31503650546073914
150284575,3,0,0.5252714357702644
150284678,3,0,0.5278687938134681
150284790,3,1,0.9979870319366455
150284858,3,-1,0.9999933465169306
150285106,3,0,0.5202204550610077
150285134,3,1,0.6347823143005371
150285160,3,-1,0.9727759752422571
150285229,3,0,0.4006458893418312
150285232,3,1,1.0
150285233,3,0,0.5033006770536304
150285235,3,-1,0.9883411005139351
150285237,3,0,0.5160459148901282
150285254,3,0,0.5216641672771374
150285303,3,1,0.9999980926513672
150285322,3,0,0.4430106580257416
150285424,3,0,0.26947490870952606
150285464,3,-1,0.9999999999820879
150285689,3,1,0.5354209542274475
150285703,3,0,0.48784496262669563
150285706,3,1,0.9999996423721313
150285763,3,0,0.5279329917837856
150285805,3,1,1.0
150285850,3,-1,0.999993551075022
150285890,3,0,0.5166570690344088
150285942,3,-1,0.9961920387577266
150285949,3,-1,0.9999998718094787
150285997,3,0,0.5134244747860066
150286068,3,0,0.5391581653691268
150286193,3,-1,0.9999999747103416
150286207,3,-1,0.9493107832968235
150286325,3,-1,0.7511998414993286
150286328,3,-1,0.9979410839732736
150286406,3,0,0.5224154623792856
150286491,3,0,0.5238602534545862
150286500,3,0,0.5315658468753099
150286649,3,0,0.520577057828632
150286710,3,-1,0.9777179975062609
150286729,3,-1,0.999710880103521
150286741,3,0,0.5361667502392189
150286742,3,0,0.2572464942932129
150286797,3,-1,0.999944793558825
150286851,3,0,0.5178641391430574
150286853,3,0,0.6036978166084737
150286991,3,-1,0.9999931327729428
150287028,3,0,0.5189371741143987
150287082,3,-1,0.9999701497490605
150287132,3,0,0.35960888862609863
150287149,3,0,0.47480953857302666
150287150,3,0,0.5051378081552684
150287152,3,1,0.9924341440200806
150287153,3,1,1.0
150287154,3,-1,0.9999946438692859
150287155,3,0,0.5239758062562032
150287157,3,-1,0.9999999999991276
150287158,3,0,0.5156397316604853
150287160,3,-1,0.9999811659381521
150287297,3,0,0.5255541366966554
150287309,3,1,1.0
150287733,3,1,0.42709147930145264
150287744,3,-1,0.9999999999893929
150287797,3,0,0.5282555079827489
150287829,3,0,0.519781044422416
150288030,3,0,0.5229399742092937
150288147,3,0,0.5239976033631137
150288212,3,0,0.5279534672160366
150288219,3,0,0.524915929108829
150289181,3,1,1.0
150289411,3,0,0.5176652999289217
150289675,3,0,0.5121108638122678
150289762,3,0,0.4036153182387352
150289763,3,0,0.5161688335647341
150289787,3,-1,0.9999999999999315
150289890,3,0,0.5213217385316966
150290043,3,0,0.5188457136730449
150290120,3,0,0.5185376800363883
150290155,3,0,0.515468587866053
150290165,3,0,0.5254314010079497
150290181,3,-1,1.0
150290224,3,1,0.9999397993087769
150290282,3,-1,0.9999999536162356
150290321,3,0,0.5205836806126172
150290550,3,0,0.5289893216431665
150290677,3,1,0.9999983310699463
150290689,3,-1,0.9999999997526032
150290728,3,0,0.5189892767157289
150290740,3,0,0.4944073799997568
150290814,3,0,0.5647041816264391
150290877,3,-1,0.9993491195491515
150291001,3,0,0.5163942568433413
150291453,3,0,0.5159816358936951
150291466,3,0,0.46706927940249443
150291467,3,0,0.5265650678808811
150291524,3,0,0.5249585219753499
150291742,3,-1,0.9999999999548923
150291745,3,-1,0.9724195376038551
150291782,3,0,0.5219273796083144
150291795,3,0,0.7063184056896716
150291802,3,-1,0.9996267641836312
150292079,3,0,0.5153716905333567
150292152,3,0,0.5126265877042897
150292190,3,-1,0.9999520389392274
150292252,3,0,0.6385286301374435
150292287,3,-1,0.9999999960221237
150292328,3,1,0.9947946071624756
150292485,3,0,0.5362209535475131
150292504,3,0,0.516985897149425
150292612,3,0,0.5189844846154301
150292655,3,0,0.5126559398049721
150292674,3,0,0.5487163029611111
150292763,3,0,0.5303979231177465
150292964,3,-1,0.9924935968592763
150292968,3,0,0.5221727521307002
150292974,3,0,0.5319137170475052
150292985,3,-1,0.9999999990956484
150293151,3,0,0.5176511557838239
150759335,3,1,0.9999998807907104
150759487,3,1,0.8037043213844299
150759520,3,0,0.49754983000457287
150759578,3,0,0.5232892057076697
150759764,3,0,0.517474837572081
150759827,3,0,0.5253533700350772
150760005,3,-1,0.999999870339721
150760402,3,0,0.5188868163240841
150760433,3,-1,0.9999999304386122
150760834,3,0,0.5682275993749499
150760841,3,0,0.519241381849497
150760842,3,-1,0.9999999999964371
150761251,3,0,0.5021696223411709
150761497,3,-1,0.994506117887795
150761515,3,0,0.5033381731482223
150761558,3,0,0.5027359491214156
150761686,3,-1,1.0
150761781,3,-1,0.9999999858392821
150761828,3,0,0.35849452018737793
150762167,3,-1,0.9999967182782257
163416476,3,0,0.5026712516555563
163450725,3,0,0.5202942912837898
163464790,3,0,0.522967506913119
163464792,3,0,0.5035462332889438
163464805,3,0,0.5152516198577359
163464814,3,1,0.9932969212532043
163500016,3,0,0.5179684703471139
163500024,3,0,0.5209389742085477
163500076,3,1,0.9983665943145752
163500101,3,1,0.7055134773254395
164107285,3,0,0.5203384072865447
164107322,3,-1,0.9999731466996309
164107366,3,-1,1.0
164107492,3,-1,0.7921421229839325
164107570,3,-1,0.9999999999989814
164107571,3,0,0.6290746703743935
164107572,3,-1,0.9997213631868362
164107712,3,0,0.5209304201125633
164107832,3,0,0.6150117982178926
164107833,3,-1,0.8215833455324173
164107913,3,0,0.6235646829009056
164107914,3,0,0.5228603915893473
10273,4,0,0.48160799965262413
10367,4,1,0.4524121880531311
10881,4,0,0.49199400562793016
11191,4,0,0.2377721667289734
11745,4,0,0.5052394752019609
12255,4,-1,1.0
12363,4,0,0.5075658247942556
12367,4,1,1.0
12501,4,0,0.5041123589380732
12681,4,1,0.999991774559021
12727,4,0,0.506753302513971
13105,4,-1,0.9999999999999951
13623,4,0,0.5043796578684123
13921,4,-1,0.641991525888443
13997,4,-1,0.9989156048977748
14315,4,0,0.5013384667690843
15261,4,0,0.5019740664865822
15479,4,0,0.5051821605934492
16435,4,0,0.5015018411904748
16609,4,-1,0.9999999994183344
17355,4,1,0.963530957698822
17403,4,-1,0.9991655417834409
17825,4,0,0.5050435524317436
18167,4,0,0.5064157751548919
18203,4,-1,0.9999999999995299
18231,4,0,0.5032613857183605
18267,4,-1,0.999999999996407
18463,4,-1,0.9999999999964959
18751,4,-1,0.9999947694795992
20099,4,-1,0.9999999999845305
20671,4,-1,0.8699170723557472
21653,4,1,0.9999995231628418
21973,4,1,1.0
23939,4,-1,0.9999999999999964
24207,4,1,0.998964250087738
25057,4,-1,0.9999999995413462
25859,4,1,0.9978153705596924
26049,4,0,0.518143433437217
26193,4,0,0.49646614398807287
26615,4,-1,0.6466657929122448
26857,4,-1,1.0
26983,4,0,0.5044670150998627
27069,4,0,0.5032694700792035
27865,4,0,0.47938343696296215
28489,4,0,0.5060009938113126
28877,4,0,0.506370638117005
29203,4,0,0.53812375664711
30387,4,1,1.0
30591,4,-1,0.8100652750581503
30629,4,0,0.49252931075170636
31705,4,-1,1.0
31787,4,0,0.5065284174299904
33171,4,0,0.6527826078236103
33235,4,1,0.9999943971633911
33737,4,1,0.999987006187439
33933,4,1,1.0
34959,4,0,0.5035689134965651
35149,4,-1,0.9174154475331306
35327,4,0,0.5056163508246527
36159,4,-1,0.9999999999990428
36311,4,0,0.5045709775295109
39853,4,-1,0.9026248827576637
40067,4,0,0.5259855836629868
40877,4,0,0.5024184094654629
41177,4,-1,0.9999999999982521
41249,4,1,0.9999634027481079
42729,4,0,0.5033867294478114
43227,4,0,0.5037923521631456
43589,4,0,0.5043887828449556
43757,4,-1,0.9999995167481757
148571717,4,1,1.0
148571718,4,1,0.9999922513961792
148571724,4,1,0.9952464699745178
148571779,4,0,0.5027887474279851
148571912,4,0,0.49885038984939456
148572031,4,-1,0.8554411586374044
148572055,4,0,0.5032025887048803
148572080,4,0,0.504346428027654
148572304,4,0,0.5053844841186219
148572309,4,0,0.500007557682693
148572371,4,0,0.5018669108394533
148572607,4,1,0.5673104524612427
148572626,4,1,0.9990220069885254
150277973,4,-1,0.99999997528246
150280542,4,1,0.9999725818634033
150280548,4,1,0.9999997615814209
150280743,4,0,0.5023242214228958
150280818,4,1,0.9279182553291321
150280829,4,-1,0.9999999284626995
150280838,4,-1,0.9998929155335645
150280865,4,0,0.5014619081048295
150281029,4,0,0.5029837657057215
150281053,4,0,0.505717512291767
150281163,4,0,0.5041413675353397
150281364,4,0,0.5065930993296206
150281391,4,1,0.9999809265136719
150281393,4,0,0.5022936318564462
150281436,4,0,0.5050011584535241
150281460,4,0,0.5042161109358858
150281528,4,0,0.5035102926194668
150281546,4,0,0.5036714629719903
150281620,4,0,0.5057269399503639
150281689,4,0,0.4823146387934685
150281721,4,0,0.5019250187178841
150281726,4,-1,0.9986958109075204
150281749,4,0,0.5026839626516448
150281763,4,1,0.7889322638511658
150281780,4,0,0.5005256533622742
150281902,4,1,0.9999909400939941
150281956,4,1,0.9999531507492065
150282064,4,0,0.501328241196461
150282114,4,0,0.5039574474176334
150282115,4,-1,0.9999999999999998
150282116,4,0,0.5005924953147769
150282117,4,-1,0.9999749898743175
150282118,4,-1,0.9992866343818605
150282119,4,1,0.9999896287918091
150282123,4,-1,0.9998570899042534
150282124,4,1,0.9921791553497314
150282126,4,1,0.9644728899002075
150282229,4,-1,0.9315169267356396
150282410,4,1,0.6611015200614929
150282473,4,-1,0.8820010498166084
150282475,4,0,0.462612509727478
150284144,4,-1,0.8939060270786285
150284361,4,1,0.9997133612632751
150284544,4,1,0.35666322708129883
150284575,4,0,0.5038891966737538
150284678,4,0,0.5030616053554695
150284790,4,1,0.9987996816635132
150284858,4,-1,0.9999999977178144
150285106,4,0,0.5074395121352282
150285134,4,0,0.3101280778646469
150285160,4,-1,0.9180703163146973
150285229,4,0,0.49694333085790277
150285232,4,1,1.0
150285233,4,-1,0.953659038990736
150285235,4,-1,0.994283436331898
150285237,4,0,0.5050859796865552
150285254,4,0,0.5042671881383285
150285303,4,1,1.0
150285322,4,-1,0.3437991291284561
150285424,4,1,0.999103844165802
150285464,4,-1,0.9999999999996928
150285689,4,0,0.4268198013305664
150285703,4,0,0.4921078812330961
150285706,4,1,1.0
150285763,4,0,0.5074311969369774
150285805,4,1,1.0
150285850,4,-1,0.9999999946805254
150285890,4,0,0.4984736524056643
150285942,4,-1,0.9732803627848625
150285949,4,-1,0.9999999745910628
150285997,4,0,0.50783235885865
150286068,4,0,0.508094727086382
150286193,4,-1,0.9999960267896313
150286207,4,-1,0.8062355220317841
150286325,4,1,0.7287124395370483
150286328,4,-1,0.9934732154943049
150286406,4,-1,0.9999196669086814
150286491,4,0,0.5058500784102762
150286500,4,-1,0.6362710800021887
150286649,4,0,0.5029433682320814
150286710,4,-1,0.9284494817256927
150286729,4,-1,0.9999997146830708
150286741,4,0,0.5053364310067465
150286742,4,0,0.4410102888941765
150286797,4,-1,0.9651910811662674
150286851,4,0,0.5059028970363215
150286853,4,-1,0.9874655255116522
150286991,4,-1,0.9998616761586163
150287028,4,0,0.49926121020689607
150287082,4,-1,0.8584318365901709
150287132,4,0,0.49658208806067705
150287149,4,0,0.4923517405986786
150287150,4,-1,0.997791166882962
150287152,4,1,0.9999639987945557
150287153,4,1,1.0
150287154,4,-1,0.9999999869355847
150287155,4,0,0.5041881925062626
150287157,4,-1,0.9999999999998912
150287158,4,0,0.46307289972901344
150287160,4,-1,0.9999998158942418
150287297,4,0,0.5052026621651748
150287309,4,1,1.0
150287733,4,0,0.5267429947853088
150287744,4,-1,0.9999999999970195
150287797,4,0,0.5050293048041112
150287829,4,0,0.5041941089002648
150288030,4,0,0.5013383307377808
150288147,4,0,0.5041296917152067
150288212,4,0,0.5043707346394513
150288219,4,0,0.5666308167565148
150289181,4,1,1.0
150289411,4,0,0.5004915622994304
150289675,4,-1,0.990869989618659
150289762,4,1,0.9215995073318481
150289763,4,0,0.4996902805287391
150289787,4,-1,1.0
150289890,4,0,0.5058675029504229
150290043,4,0,0.5055242443049792
150290120,4,0,0.5015740813105367
150290155,4,-1,0.9998567566653946
150290165,4,0,0.5072436423861291
150290181,4,-1,0.999999999999996
150290224,4,1,0.9976199865341187
150290282,4,-1,0.9999999984193694
150290321,4,0,0.5037714401842095
150290550,4,1,0.6749283671379089
150290677,4,1,1.0
150290689,4,-1,0.9999999999999669
150290728,4,0,0.5027220078627579
150290740,4,0,0.5044918871572008
150290814,4,0,0.48638152331113815
150290877,4,1,0.8715854287147522
150291001,4,0,0.5006646286929026
150291453,4,0,0.4945642342790961
150291466,4,0,0.12122038006782532
150291467,4,0,0.5036855516982541
150291524,4,0,0.5054526501335204
150291742,4,-1,0.9999999999999996
150291745,4,-1,0.9667590577155352
150291782,4,0,0.5039125650073402
150291795,4,-1,0.9837529063224792
150291802,4,-1,0.9999808074753673
150292079,4,0,0.502285472350195
150292152,4,1,0.9951463341712952
150292190,4,-1,1.0
150292252,4,-1,0.4836553633213043
150292287,4,-1,0.9999999962743975
150292328,4,1,0.9991170763969421
150292485,4,0,0.5036476901477727
150292504,4,0,0.5071087925680331
150292612,4,0,0.5046287232794384
150292655,4,0,0.5008898738306016
150292674,4,0,0.525139570236206
150292763,4,0,0.5042970476342816
150292964,4,-1,0.9999921209855529
150292968,4,0,0.5042714032551885
150292974,4,0,0.5069963585898449
150292985,4,-1,0.9999999999999997
150293151,4,0,0.5059512239640753
150759335,4,1,0.9999909400939941
150759487,4,1,0.9999998807907104
150759520,4,0,0.4991822480224073
150759578,4,0,0.5021832612910657
150759764,4,0,0.5017956378287636
150759827,4,0,0.5072092306523928
150760005,4,-1,0.999999999588521
150760402,4,0,0.4416562356054783
150760433,4,-1,0.9999999999967568
150760834,4,0,0.5478588305413723
150760841,4,0,0.5038174987712409
150760842,4,-1,0.9999999999999866
150761251,4,0,0.6622306564822793
150761497,4,-1,0.9998504092800431
150761515,4,0,0.7058397382497787
150761558,4,0,0.46148354187607765
150761686,4,-1,1.0
150761781,4,-1,0.9999999999902303
150761828,4,0,0.497529536485672
150762167,4,-1,0.9999998989251822
163416476,4,0,0.5035254584272479
163450725,4,0,0.5073059294513769
163464790,4,0,0.49949968489818275
163464792,4,0,0.4034097045660019
163464805,4,0,0.7038545496761799
163464814,4,1,0.9999978542327881
163500016,4,0,0.4891757061704993
163500024,4,0,0.5053141435782891
163500076,4,1,0.9854013919830322
163500101,4,-1,0.992093603592366
164107285,4,0,0.5048838241455087
164107322,4,-1,0.9999999933465658
164107366,4,-1,1.0
164107492,4,0,0.46094848215579987
164107570,4,-1,0.9999999999998468
164107571,4,0,0.4998166752047837
164107572,4,-1,0.9999999999705613
164107712,4,0,0.5045917896350147
164107832,4,-1,0.9996913174982183
164107833,4,-1,0.9114616736769676
164107913,4,-1,0.99993191921385
164107914,4,0,0.5047191689545798
10273,5,0,0.5087261199951172
10367,5,1,0.4144669771194458
10881,5,0,0.5028659144882113
11191,5,-1,0.8379917666316032
11745,5,0,0.508353068349777
12255,5,-1,1.0
12363,5,0,0.5087961241395078
12367,5,1,1.0
12501,5,0,0.5064217468971037
12681,5,1,0.9999176263809204
12727,5,0,0.5099283456802368
13105,5,-1,0.9999937485017654
13623,5,0,0.5064693526728661
13921,5,-1,0.9999874349678066
13997,5,0,0.748542308807373
14315,5,0,0.5063674318844278
15261,5,0,0.49457080755382776
15479,5,0,0.505229604372289
16435,5,0,0.5069325451449913
16609,5,-1,0.999999999984326
17355,5,1,0.9995067119598389
17403,5,-1,0.9746504444628954
17825,5,0,0.5069420728941623
18167,5,0,0.5070391120734712
18203,5,-1,0.9999999999999984
18231,5,0,0.5051267504459247
18267,5,-1,0.9999999999999398
18463,5,-1,0.9999999996690835
18751,5,-1,0.9999999999732863
20099,5,-1,0.9999999999860258
20671,5,0,0.47621192410588264
21653,5,1,0.9999977350234985
21973,5,1,1.0
23939,5,-1,0.9999999999974182
24207,5,1,0.997815728187561
25057,5,-1,0.9999999997382185
25859,5,1,1.0
26049,5,0,0.5011687977021211
26193,5,1,0.9838133454322815
26615,5,-1,0.9779865778982639
26857,5,-1,0.9999999999999998
26983,5,0,0.5069213125182159
27069,5,0,0.5067784596376441
27865,5,0,0.49958310229703784
28489,5,0,0.509142514760498
28877,5,0,0.5094577083899274
29203,5,1,0.9985378384590149
30387,5,1,1.0
30591,5,-1,0.9999909851476332
30629,5,1,0.6447870135307312
31705,5,-1,1.0
31787,5,0,0.5103860250759453
33171,5,0,0.5056276814138982
33235,5,1,1.0
33737,5,1,1.0
33933,5,1,1.0
34959,5,0,0.5048117739788722
35149,5,0,0.7102858647704124
35327,5,0,0.5084257029528203
36159,5,-1,0.9999999993957607
36311,5,0,0.49952770164236426
39853,5,-1,0.9995038169436157
40067,5,0,0.5057055391807808
40877,5,0,0.5070823286368977
41177,5,-1,0.9999999999999996
41249,5,1,0.9999996423721313
42729,5,0,0.5062918895528128
43227,5,0,0.5072114180547942
43589,5,0,0.5080191714018838
43757,5,-1,0.9999999842750569
148571717,5,1,1.0
148571718,5,1,0.8758633136749268
148571724,5,1,1.0
148571779,5,0,0.5036643443559115
148571912,5,0,0.5016013509593904
148572031,5,0,0.5816298549179919
148572055,5,0,0.5064933299472614
148572080,5,0,0.5122937558489752
148572304,5,0,0.5055885361289256
148572309,5,0,0.5652129243826494
148572371,5,0,0.5261165122501552
148572607,5,1,0.8053160905838013
148572626,5,1,0.9999947547912598
150277973,5,-1,0.6295969914644957
150280542,5,1,0.9999991655349731
150280548,5,1,0.9999998807907104
150280743,5,0,0.5034334633965045
150280818,5,1,0.9977812170982361
150280829,5,-1,0.9999999999989702
150280838,5,-1,0.9999999708970009
150280865,5,0,0.5043540849001147
150281029,5,0,0.5040217139903689
150281053,5,0,0.5084046488132117
150281163,5,0,0.5067452768453222
150281364,5,0,0.5026407583791297
150281391,5,1,0.9999990463256836
150281393,5,0,0.5061274040926946
150281436,5,-1,0.4400004893541336
150281460,5,0,0.5075554218697107
150281528,5,0,0.5040474428096786
150281546,5,0,0.5067153563771134
150281620,5,0,0.5082119808670882
150281689,5,0,0.4999779181089252
150281721,5,0,0.5245847720652819
150281726,5,0,0.3296631872653961
150281749,5,0,0.5052784867002629
150281763,5,1,0.9895156621932983
150281780,5,0,0.4988996139727533
150281902,5,1,1.0
150281956,5,1,0.6645145416259766
150282064,5,0,0.505063518154202
150282114,5,0,0.5069612870083802
150282115,5,-1,0.9999999999999545
150282116,5,1,0.953907310962677
150282117,5,-1,0.9954625875689089
150282118,5,-1,0.9999999997518987
150282119,5,1,0.9999936819076538
150282123,5,-1,0.9999006559155532
150282124,5,1,0.7254562377929688
150282126,5,0,0.5069431513547897
150282229,5,-1,0.9999998906661958
150282410,5,1,0.9722626209259033
150282473,5,0,0.7018885165452957
150282475,5,0,0.059877634048461914
150284144,5,-1,0.9941768664866686
150284361,5,1,0.9999735355377197
150284544,5,1,0.613185703754425
150284575,5,0,0.5061664921558986
150284678,5,0,0.5058505821689323
150284790,5,1,0.9999926090240479
150284858,5,-1,0.9999999999999378
150285106,5,0,0.5112575804167605
150285134,5,1,0.9937888383865356
150285160,5,1,0.9638858437538147
150285229,5,0,0.5033663894282654
150285232,5,1,1.0
150285233,5,0,0.6587704122066498
150285235,5,-1,0.9999962623628562
150285237,5,0,0.5056771836516418
150285254,5,1,0.9996090531349182
150285303,5,1,1.0
150285322,5,0,0.21897822618484497
150285424,5,1,0.9993392825126648
150285464,5,-1,0.999999999868666
150285689,5,0,0.27112701535224915
150285703,5,0,0.6272433493286371
150285706,5,1,1.0
150285763,5,0,0.5071373695063812
150285805,5,1,1.0
150285850,5,-1,0.9999999999707386
150285890,5,0,0.5066035726813425
150285942,5,0,0.5059718436095864
150285949,5,-1,0.9999999999871712
150285997,5,0,0.5085295237690843
150286068,5,0,0.5127593277002016
150286193,5,-1,0.999999992543759
150286207,5,-1,0.6176526546478271
150286325,5,1,0.9792987108230591
150286328,5,-1,0.9999999851620158
150286406,5,-1,0.999992914462382
150286491,5,0,0.5086283593165035
150286500,5,0,0.491539403796196
150286649,5,0,0.5074583270018138
150286710,5,0,0.4996603927575052
150286729,5,-1,0.9999999998768971
150286741,5,0,0.5091689718581236
150286742,5,0,0.5774739161133766
150286797,5,-1,0.9991797092370689
150286851,5,0,0.508447219430991
150286853,5,-1,0.9369087493978441
150286991,5,-1,0.9999999989260805
150287028,5,0,0.5035792633425444
150287082,5,-1,0.9971144635928795
150287132,5,0,0.6520008761435747
150287149,5,0,0.4911287035793066
150287150,5,-1,0.8731914311647415
150287152,5,1,1.0
150287153,5,1,1.0
150287154,5,-1,0.9999999954155423
150287155,5,0,0.5058739356900332
150287157,5,-1,1.0
150287158,5,0,0.3089791536331177
150287160,5,-1,0.9999999999571147
150287297,5,0,0.5067957955543534
150287309,5,1,1.0
150287733,5,1,0.9638375043869019
150287744,5,-1,0.9999999999436036
150287797,5,0,0.5097680320679672
150287829,5,0,0.5042691759299487
150288030,5,0,0.5053103876198293
150288147,5,0,0.5080569136212034
150288212,5,0,0.5043229483671894
150288219,5,0,0.5094378273736027
150289181,5,1,1.0
150289411,5,0,0.41938281804323196
150289675,5,0,0.5425684750080109
150289762,5,1,0.29853057861328125
150289763,5,0,0.49580857949331403
150289787,5,-1,1.0
150289890,5,0,0.509481404578537
150290043,5,0,0.5076449682464954
150290120,5,0,0.5070758008796474
150290155,5,-1,0.9894783510826528
150290165,5,0,0.5097717003898765
150290181,5,-1,0.9999999999999176
150290224,5,1,0.9999985694885254
150290282,5,-1,0.9999999999981427
150290321,5,0,0.5056997503852472
150290550,5,0,0.5971123393974267
150290677,5,1,1.0
150290689,5,-1,1.0
150290728,5,0,0.5031341332942247
150290740,5,0,0.5061633248624275
150290814,5,0,0.6342970076948404
150290877,5,-1,0.9512842744588852
150291001,5,0,0.5060136421088828
150291453,5,0,0.5058903685421683
150291466,5,0,0.5021124791819602
150291467,5,0,0.5070867347951662
150291524,5,0,0.5053330063237809
150291742,5,-1,0.9999999999999933
150291745,5,0,0.4422585442662239
150291782,5,0,0.505390432823333
150291795,5,-1,0.9989145820727572
150291802,5,-1,0.898009367287159
150292079,5,0,0.5046589723497164
150292152,5,1,0.9999997615814209
150292190,5,-1,0.9999999999999809
150292252,5,0,0.5056710827630013
150292287,5,-1,0.999954436752887
150292328,5,1,0.9999750852584839
150292485,5,0,0.5081348039423688
150292504,5,0,0.5093714463674388
150292612,5,0,0.5103239907399955
150292655,5,0,0.5017296823207289
150292674,5,1,0.9904201030731201
150292763,5,0,0.5069693001150881
150292964,5,-1,0.9998522810346913
150292968,5,0,0.5061182234603621
150292974,5,0,0.5094363533766568
150292985,5,-1,1.0
150293151,5,0,0.506600006694498
150759335,5,1,1.0
150759487,5,1,0.9999661445617676
150759520,5,-1,0.9616927914321423
150759578,5,0,0.507447979396602
150759764,5,0,0.5071260256427195
150759827,5,0,0.5077993020479425
150760005,5,-1,0.999935696774628
150760402,5,0,0.504058247373905
150760433,5,-1,0.9999999999991828
150760834,5,1,0.9994694590568542
150760841,5,0,0.5058767002319655
150760842,5,-1,1.0
150761251,5,0,0.5053398894087877
150761497,5,-1,0.9944397704675794
150761515,5,1,0.7332748770713806
150761558,5,0,0.3608536124229431
150761686,5,-1,1.0
150761781,5,-1,1.0
150761828,5,-1,0.9932732153683901
150762167,5,-1,0.9999999750184632
163416476,5,0,0.5076955419626756
163450725,5,0,0.5794469087268226
163464790,5,0,0.49629167886450887
163464792,5,1,0.9999576807022095
163464805,5,0,0.5055546183139086
163464814,5,1,1.0
163500016,5,0,0.5002568413037807
163500024,5,0,0.5080705340507734
163500076,5,1,0.9999963045120239
163500101,5,0,0.5008111433126032
164107285,5,0,0.5080658219543466
164107322,5,-1,0.9982982354704291
164107366,5,-1,1.0
164107492,5,-1,0.9310477674007416
164107570,5,-1,0.9999999999998931
164107571,5,0,0.5044991667382419
164107572,5,-1,0.9999999874648475
164107712,5,0,0.5073866907996489
164107832,5,0,0.46694686636328697
164107833,5,-1,0.5035511553287506
164107913,5,-1,0.9999966599004892
164107914,5,0,0.5076192875692414
10273,6,0,0.5042244757423759
10367,6,0,0.5038597818347625
10881,6,0,0.5038891356962267
11191,6,0,0.5115099695976824
11745,6,0,0.506501188570212
12255,6,-1,1.0
12363,6,0,0.5067770735562185
12367,6,1,1.0
12501,6,0,0.5064717587381438
12681,6,0,0.6014696639031172
12727,6,0,0.6555937644152436
13105,6,0,0.9424580124905333
13623,6,0,0.5041344781238877
13921,6,-1,0.9999995951977496
13997,6,-1,0.9999999990990006
14315,6,0,0.5041771985997912
15261,6,0,0.5044283509778325
15479,6,0,0.5060679920118218
16435,6,0,0.5058415391799826
16609,6,-1,0.9999919733936622
17355,6,1,0.9145949482917786
17403,6,-1,0.9999917889299468
17825,6,0,0.5047785306596779
18167,6,0,0.5069877666026343
18203,6,-1,1.0
18231,6,0,0.5054781968574389
18267,6,-1,0.9999999999999989
18463,6,-1,0.999999999999925
18751,6,-1,0.9999999998727037
20099,6,-1,0.9999999999999998
20671,6,0,0.4996127295307815
21653,6,1,0.9999972581863403
21973,6,1,1.0
23939,6,-1,0.9999999999999044
24207,6,0,0.5072198156631202
25057,6,-1,0.9999999999999993
25859,6,1,0.9999997615814209
26049,6,0,0.5039544936080347
26193,6,0,0.5139492183370749
26615,6,-1,0.9998723176468047
26857,6,-1,0.9999999999999911
26983,6,0,0.5062883607092772
27069,6,0,0.5044971766074013
27865,6,0,0.4997788071632385
28489,6,0,0.5075023260895648
28877,6,0,0.5055783972245129
29203,6,1,0.9982752799987793
30387,6,1,1.0
30591,6,-1,0.9999999999944391
30629,6,0,0.5022632892942056
31705,6,-1,1.0
31787,6,0,0.507269340475105
33171,6,0,0.5037586359339912
33235,6,1,1.0
33737,6,1,1.0
33933,6,1,1.0
34959,6,0,0.50477097966359
35149,6,0,0.5027885602321476
35327,6,0,0.5076857492547475
36159,6,-1,0.9999981468509986
36311,6,0,0.5055977809315664
39853,6,0,0.5579660518851597
40067,6,0,0.5755755678692367
40877,6,0,0.5028221370303072
41177,6,-1,1.0
41249,6,1,0.9999886751174927
42729,6,0,0.5055306577087322
43227,6,0,0.5051595087334135
43589,6,0,0.5072007170017159
43757,6,-1,0.9992520314699505
148571717,6,1,0.9999997615814209
148571718,6,1,0.7482138872146606
148571724,6,1,1.0
148571779,6,0,0.5039225232831086
148571912,6,0,0.502820590918418
148572031,6,-1,0.999998033241468
148572055,6,0,0.5059993860872964
148572080,6,0,0.5088887805682855
148572304,6,0,0.5049685902868077
148572309,6,0,0.503239624958951
148572371,6,0,0.5031254707137123
148572607,6,0,0.5018525040068198
148572626,6,1,0.9903521537780762
150277973,6,-1,0.9999993375285214
150280542,6,1,0.9954783320426941
150280548,6,1,0.9999831914901733
150280743,6,0,0.5032388349973189
150280818,6,1,0.9803429245948792
150280829,6,-1,0.9999999999996247
150280838,6,-1,0.9999999915532749
150280865,6,0,0.5026049852531287
150281029,6,0,0.5018210995449408
150281053,6,0,0.5058541644239085
150281163,6,0,0.5063614747223255
150281364,6,0,0.500776856194534
150281391,6,1,0.9949058294296265
150281393,6,0,0.5028007261716994
150281436,6,0,0.893021896481514
150281460,6,0,0.5071493129931071
150281528,6,0,0.5052496617499855
150281546,6,0,0.5019838809256043
150281620,6,0,0.5077400860674146
150281689,6,0,0.3093356192111969
150281721,6,0,0.5000807043397799
150281726,6,0,0.5053464390839508
150281749,6,0,0.5030476429965347
150281763,6,-1,0.9434929043054581
150281780,6,0,0.5058883575329673
150281902,6,1,0.9946064352989197
150281956,6,-1,0.9999998659990013
150282064,6,0,0.5048440168320667
150282114,6,0,0.5023443401860277
150282115,6,-1,1.0
150282116,6,1,0.7911028861999512
150282117,6,0,0.513329500972759
150282118,6,-1,0.9999999999443622
150282119,6,1,0.9825413823127747
150282123,6,0,0.5003740877718883
150282124,6,1,0.9086211919784546
150282126,6,0,0.5494712591171265
150282229,6,0,0.5298561925446847
150282410,6,0,0.5930977099924348
150282473,6,0,0.5270930184051394
150282475,6,0,0.6172627098858356
150284144,6,-1,0.9999993578546196
150284361,6,0,0.8769975285977125
150284544,6,1,0.9991995692253113
150284575,6,0,0.5051575133502411
150284678,6,0,0.5054026501129556
150284790,6,1,0.999998927116394
150284858,6,-1,1.0
150285106,6,0,0.5076119768496934
150285134,6,0,0.5267225813586265
150285160,6,1,0.9998732805252075
150285229,6,0,0.5040193535387516
150285232,6,1,1.0
150285233,6,0,0.505248191402643
150285235,6,-1,0.999716699909186
150285237,6,0,0.5033796805605562
150285254,6,0,0.5241782002158288
150285303,6,1,0.9999998807907104
150285322,6,0,0.8364596460014582
150285424,6,0,0.6196630088525126
150285464,6,-1,0.9999999999988702
150285689,6,0,0.6308135064318776
150285703,6,0,0.4987863415153697
150285706,6,1,1.0
150285763,6,0,0.5085304242688418
150285805,6,1,1.0
150285850,6,-1,0.9999999649888984
150285890,6,0,0.503098907196545
150285942,6,-1,0.9999999997733402
150285949,6,-1,0.9939928483217955
150285997,6,0,0.5072125392619
150286068,6,0,0.5095916985521475
150286193,6,-1,0.9999999999996216
150286207,6,0,0.5002344225358684
150286325,6,-1,0.9968800062779337
150286328,6,0,0.5188244610253605
150286406,6,0,0.508045594236215
150286491,6,0,0.5062282241774483
150286500,6,0,0.8061854839324951
150286649,6,0,0.5063625790298829
150286710,6,0,0.5057797582767307
150286729,6,-1,0.9999999998895458
150286741,6,0,0.5053607072432555
150286742,6,0,0.5247712385607883
150286797,6,0,0.502543639508076
150286851,6,0,0.508869345132474
150286853,6,-1,0.9993459606193937
150286991,6,-1,0.9999607565187034
150287028,6,0,0.5036696424358524
150287082,6,0,0.5065677112843332
150287132,6,-1,0.9953029616117419
150287149,6,0,0.5035033616004512
150287150,6,-1,0.9999282443532138
150287152,6,1,1.0
150287153,6,1,1.0
150287154,6,-1,0.9999965233982948
150287155,6,0,0.5055356033342377
150287157,6,-1,1.0
150287158,6,-1,0.9181952700018883
150287160,6,-1,0.9999999994942823
150287297,6,0,0.5070871898817302
150287309,6,1,1.0
150287733,6,1,0.9999992847442627
150287744,6,-1,0.999999999988403
150287797,6,0,0.5089336613866189
150287829,6,0,0.5042623306799214
150288030,6,0,0.5052089755699853
150288147,6,0,0.5055102467631514
150288212,6,0,0.5052618239569711
150288219,6,0,0.5054999824740385
150289181,6,1,1.0
150289411,6,0,0.49945740308612585
150289675,6,0,0.5018433715740684
150289762,6,0,0.5037757765967399
150289763,6,0,0.50072475313209
150289787,6,-1,1.0
150289890,6,0,0.5062528987008577
150290043,6,0,0.5059975117756039
150290120,6,0,0.5064941615293037
150290155,6,0,0.6933003145531984
150290165,6,0,0.5068518011068761
150290181,6,-1,1.0
150290224,6,1,0.9999998807907104
150290282,6,-1,0.9999999898292851
150290321,6,0,0.5021987283762428
150290550,6,0,0.874064177274704
150290677,6,1,1.0
150290689,6,-1,1.0
150290728,6,0,0.5042215213834425
150290740,6,0,0.505471847734043
150290814,6,0,0.5032804152142489
150290877,6,-1,0.9997214612085372
150291001,6,0,0.5057530469568974
150291453,6,0,0.5059462565022841
150291466,6,0,0.66322200326249
150291467,6,0,0.5039814043741444
150291524,6,0,0.5055800302634452
150291742,6,-1,1.0
150291745,6,0,0.5035323895281181
150291782,6,0,0.5051381554440013
150291795,6,0,0.6671957707003457
150291802,6,-1,0.9999471688133781
150292079,6,0,0.5043931106047239
150292152,6,1,0.8693495392799377
150292190,6,-1,1.0
150292252,6,0,0.5013563898392022
150292287,6,-1,0.9999999999982003
150292328,6,1,0.921139121055603
150292485,6,0,0.5076600174974502
150292504,6,0,0.5078761438556683
150292612,6,0,0.508994041718822
150292655,6,0,0.5043854838004336
150292674,6,0,0.5068987966951681
150292763,6,0,0.506281075511879
150292964,6,-1,0.9999999999998703
150292968,6,0,0.5043564567821477
150292974,6,0,0.5071430471415397
150292985,6,-1,0.9999999999999887
150293151,6,0,0.5068220973141706
150759335,6,1,1.0
150759487,6,1,0.9195776581764221
150759520,6,-1,0.9999999872858893
150759578,6,0,0.5007332132972806
150759764,6,0,0.5056506251821702
150759827,6,0,0.5053111996205644
150760005,6,-1,0.9999999965049766
150760402,6,0,0.5021610171534121
150760433,6,-1,0.9999999999986413
150760834,6,1,0.9999998807907104
150760841,6,0,0.5032438391936012
150760842,6,-1,1.0
150761251,6,0,0.507543420798541
150761497,6,-1,0.9999161980522331
150761515,6,0,0.5973041197285056
150761558,6,0,0.4081255570054054
150761686,6,-1,1.0
150761781,6,-1,1.0
150761828,6,0,0.500601011532126
150762167,6,-1,0.9989742771722376
163416476,6,0,0.5024565267962089
163450725,6,0,0.6704557689949979
163464790,6,0,0.5032715000561439
163464792,6,0,0.4849226474761963
163464805,6,0,0.6436651698022615
163464814,6,1,1.0
163500016,6,0,0.5047991201354307
163500024,6,0,0.5071755447341388
163500076,6,1,0.9990480542182922
163500101,6,0,0.5035870580468327
164107285,6,0,0.5046588151756168
164107322,6,-1,0.99999650884115
164107366,6,-1,1.0
164107492,6,0,0.505167193536181
164107570,6,-1,1.0
164107571,6,0,0.5037283367855707
164107572,6,-1,1.0
164107712,6,0,0.9544186369748786
164107832,6,0,0.5043707354780054
164107833,6,0,0.5344214134383947
164107913,6,-1,0.9856387411709875
164107914,6,0,0.5063001774997247
10273,7,0,0.5028417514549801
10367,7,1,0.9974431395530701
10881,7,0,0.5021366086730268
11191,7,-1,0.9809816759079695
11745,7,0,0.5022454579839177
12255,7,-1,1.0
12363,7,0,0.5018577906048449
12367,7,1,1.0
12501,7,0,0.5020680114394054
12681,7,1,0.9994016885757446
12727,7,0,0.5171216949820518
13105,7,-1,0.990495482692495
13623,7,0,0.5033223139653273
13921,7,0,0.45806146413087845
13997,7,-1,0.999947445194266
14315,7,0,0.5012278673821129
15261,7,0,0.4992646425962448
15479,7,0,0.5031694726494607
16435,7,0,0.5026769595351652
16609,7,-1,0.816529193893075
17355,7,1,0.9999896287918091
17403,7,-1,0.8297615759074688
17825,7,0,0.5022819708683528
18167,7,0,0.5025062271101888
18203,7,-1,1.0
18231,7,0,0.49262295104563236
18267,7,-1,0.9999999999999989
18463,7,-1,0.99999988200004
18751,7,-1,0.9999999982462183
20099,7,-1,0.9999999999918437
20671,7,0,0.49712737603113055
21653,7,1,0.9999972581863403
21973,7,1,1.0
23939,7,-1,1.0
24207,7,0,0.5560587390882574
25057,7,-1,0.999999998848024
25859,7,1,0.9999499320983887
26049,7,0,0.5017583341414138
26193,7,0,0.581506809219718
26615,7,0,0.5019698675896507
26857,7,-1,0.9999999999997364
26983,7,0,0.5020801778628083
27069,7,0,0.5019176045316271
27865,7,0,0.49267610907554626
28489,7,0,0.5017719542083796
28877,7,0,0.5024439778403007
29203,7,0,0.4953783256933093
30387,7,1,1.0
30591,7,-1,0.9999999440914635
30629,7,0,0.47506021708250046
31705,7,-1,1.0
31787,7,0,0.502369750822254
33171,7,0,0.5020220536389388
33235,7,1,1.0
33737,7,1,0.9999995231628418
33933,7,1,1.0
34959,7,0,0.5018137718434446
35149,7,0,0.49274472892284393
35327,7,0,0.5016316666888088
36159,7,-1,0.9941461430862546
36311,7,0,0.5013942249352112
39853,7,-1,0.9590332619845867
40067,7,0,0.5058817637618631
40877,7,0,0.502235733292764
41177,7,-1,1.0
41249,7,1,0.9999923706054688
42729,7,0,0.5011687776423059
43227,7,0,0.502947163375211
43589,7,0,0.5018191487126842
43757,7,-1,0.929997593164444
148571717,7,1,1.0
148571718,7,-1,0.9999036312729004
148571724,7,1,1.0
148571779,7,0,0.5013588864239864
148571912,7,0,0.498171457555145
148572031,7,-1,0.9999122615699889
148572055,7,0,0.5020544439394143
148572080,7,0,0.5023276153901293
148572304,7,0,0.5013519376516342
148572309,7,0,0.4953080927953124
148572371,7,0,0.501303788041696
148572607,7,0,0.49798251688480377
148572626,7,1,0.7721723914146423
150277973,7,-1,0.9999972061357312
150280542,7,1,1.0
150280548,7,1,1.0
150280743,7,0,0.5012224592501298
150280818,7,1,0.9999973773956299
150280829,7,-1,0.9999999999950118
150280838,7,-1,0.9999892227124292
150280865,7,0,0.5025837678986136
150281029,7,0,0.5028988377744099
150281053,7,0,0.5024357730871998
150281163,7,0,0.5020568831969285
150281364,7,0,0.5038018329723855
150281391,7,1,0.9999979734420776
150281393,7,0,0.5024554232659284
150281436,7,0,0.508873775601387
150281460,7,0,0.5013894242001697
150281528,7,0,0.5023109079775168
150281546,7,0,0.5025237176067527
150281620,7,0,0.501792043534806
150281689,7,0,0.55977513641119
150281721,7,0,0.5027045754250139
150281726,7,0,0.5019327416448505
150281749,7,0,0.5005294295260683
150281763,7,1,0.39043939113616943
150281780,7,0,0.5027690263705153
150281902,7,1,0.9999995231628418
150281956,7,1,0.9999972581863403
150282064,7,0,0.5019710704509635
150282114,7,0,0.502377217875619
150282115,7,-1,1.0
150282116,7,1,0.5677118301391602
150282117,7,-1,0.9910747716203332
150282118,7,-1,0.9999997130126701
150282119,7,1,0.9995477795600891
150282123,7,0,0.5017028566508088
150282124,7,1,0.9986133575439453
150282126,7,0,0.5019533799495548
150282229,7,0,0.5076202526688576
150282410,7,0,0.7604237087070942
150282473,7,0,0.5922226868569851
150282475,7,0,0.49788988661020994
150284144,7,0,0.27566665410995483
150284361,7,0,0.4539310783147812
150284544,7,1,0.987809419631958
150284575,7,0,0.5016133695899043
150284678,7,0,0.5019459713657852
150284790,7,1,1.0
150284858,7,-1,1.0
150285106,7,0,0.5020948704473085
150285134,7,0,0.5122246332466602
150285160,7,-1,0.8333685249090195
150285229,7,0,0.5020141963032074
150285232,7,1,1.0
150285233,7,0,0.5008721622871235
150285235,7,-1,0.9999999999999722
150285237,7,0,0.5021764152916148
150285254,7,0,0.5030682188989886
150285303,7,1,1.0
150285322,7,0,0.5026972710184054
150285424,7,0,0.7363978698849678
150285464,7,-1,1.0
150285689,7,0,0.5016925748932408
150285703,7,0,0.502228495082818
150285706,7,1,1.0
150285763,7,0,0.5017538343381602
150285805,7,1,1.0
150285850,7,-1,0.9999999996285943
150285890,7,0,0.5016667371382937
150285942,7,-1,0.9999999999045678
150285949,7,-1,0.999999561874688
150285997,7,1,0.9970085620880127
150286068,7,0,0.5020843016410677
150286193,7,-1,0.9999999999998754
150286207,7,0,0.5018593543791212
150286325,7,1,0.9912542700767517
150286328,7,-1,0.9984792352188379
150286406,7,0,0.5054577729169978
150286491,7,0,0.5022275415885815
150286500,7,0,0.6544672772288322
150286649,7,0,0.5150007987394929
150286710,7,0,0.5028128902240496
150286729,7,-1,0.999999999999903
150286741,7,0,0.5016257686500012
150286742,7,0,0.5059185344725847
150286797,7,0,0.5428975000977516
150286851,7,0,0.5016417158699369
150286853,7,-1,0.999989345395079
150286991,7,-1,0.9999954645131766
150287028,7,0,0.5011446326971054
150287082,7,0,0.6498258769861422
150287132,7,0,0.873271070420742
150287149,7,0,0.5018441764113959
150287150,7,0,0.8325109519064426
150287152,7,1,1.0
150287153,7,1,1.0
150287154,7,0,0.515377787174657
150287155,7,0,0.5017662311147433
150287157,7,-1,1.0
150287158,7,-1,0.8429552763700485
150287160,7,-1,0.9997611405851785
150287297,7,0,0.5029623748466747
150287309,7,1,1.0
150287733,7,1,0.9555835127830505
150287744,7,-1,0.9999999737469683
150287797,7,0,0.5010637544764904
150287829,7,0,0.5001565685961396
150288030,7,0,0.5016582703683525
150288147,7,0,0.5026679886614147
150288212,7,0,0.49960176134482026
150288219,7,0,0.5018987844027833
150289181,7,1,1.0
150289411,7,0,0.4932164289057255
150289675,7,0,0.5010055274469778
150289762,7,1,0.8485541343688965
150289763,7,0,0.4986687763594091
150289787,7,-1,1.0
150289890,7,0,0.5016288840342895
150290043,7,0,0.5017643610517553
150290120,7,0,0.5016397698782384
150290155,7,0,0.5017185689357575
150290165,7,0,0.5012434865348041
150290181,7,-1,1.0
150290224,7,1,1.0
150290282,7,-1,0.9999999991131012
150290321,7,0,0.5020048701844644
150290550,7,1,0.47567713260650635
150290677,7,1,1.0
150290689,7,-1,1.0
150290728,7,0,0.5035139246028848
150290740,7,0,0.5019846043433063
150290814,7,-1,0.9999984185038784
150290877,7,1,0.9974731802940369
150291001,7,0,0.503240114800974
150291453,7,0,0.49464165745303035
150291466,7,0,0.5017598124250071
150291467,7,0,0.5021594774034384
150291524,7,0,0.5002764262026176
150291742,7,-1,1.0
150291745,7,0,0.5013367309584282
150291782,7,0,0.5016970063443296
150291795,7,0,0.6371955517679453
150291802,7,-1,0.9935500277206302
150292079,7,0,0.5014026032295078
150292152,7,1,1.0
150292190,7,-1,1.0
150292252,7,0,0.8981328513473272
150292287,7,-1,0.9999990646616652
150292328,7,1,0.99470454454422
150292485,7,0,0.5019735812957151
150292504,7,0,0.5016118529701998
150292612,7,0,0.5024551104866077
150292655,7,0,0.5006817317334935
150292674,7,0,0.5020297933369875
150292763,7,0,0.5020515759661066
150292964,7,-1,0.9999999907412418
150292968,7,0,0.5018719371510088
150292974,7,0,0.5030341440374002
150292985,7,-1,0.9999999999999778
150293151,7,0,0.5017561389322509
150759335,7,1,1.0
150759487,7,1,0.9980771541595459
150759520,7,0,0.5010017839958891
150759578,7,0,0.503626961603004
150759764,7,0,0.5030143788687838
150759827,7,0,0.5018231113790534
150760005,7,-1,0.9999999981223102
150760402,7,0,0.5008154647657648
150760433,7,-1,0.9999813370250195
150760834,7,1,0.9999977350234985
150760841,7,0,0.5035434821365925
150760842,7,-1,1.0
150761251,7,0,0.5007574594346806
150761497,7,-1,0.9942608308047056
150761515,7,0,0.5057350861916348
150761558,7,0,0.499324542703107
150761686,7,-1,1.0
150761781,7,-1,0.9999999999998506
150761828,7,0,0.5031322354916483
150762167,7,0,0.5138332471251488
163416476,7,0,0.5022574594495381
163450725,7,1,0.9933263659477234
163464790,7,0,0.49377584643661976
163464792,7,1,0.981407642364502
163464805,7,0,0.6811610879376531
163464814,7,1,1.0
163500016,7,0,0.501317183370702
163500024,7,0,0.5018468851212674
163500076,7,1,0.9994028806686401
163500101,7,0,0.29127137362957
164107285,7,0,0.5022942806190258
164107322,7,-1,0.99999996489964
164107366,7,-1,1.0
164107492,7,1,0.5641348958015442
164107570,7,-1,1.0
164107571,7,0,0.501062928698957
164107572,7,-1,0.9999999999986059
164107712,7,0,0.5018521125493862
164107832,7,0,0.5037224882980809
164107833,7,0,0.5045807491987944
164107913,7,0,0.5425939662382007
164107914,7,0,0.501678884611465
10273,8,0,0.5029370298871072
10367,8,0,0.47520746663212776
10881,8,0,0.5047237538601621
11191,8,0,0.5013842599000782
11745,8,0,0.5077935792423887
12255,8,-1,1.0
12363,8,0,0.5060377863053418
12367,8,1,1.0
12501,8,0,0.505213393640588
12681,8,0,0.5011233882978559
12727,8,0,0.4926340514793992
13105,8,-1,0.9989440744975582
13623,8,0,0.5044703500607284
13921,8,-1,0.9999999833674362
13997,8,-1,0.998620551195927
14315,8,0,0.5032137199304998
15261,8,0,0.5042659034370445
15479,8,0,0.5036260617198423
16435,8,0,0.5054158439434104
16609,8,0,0.7952156029641628
17355,8,1,0.9999246597290039
17403,8,-1,0.9999700065400248
17825,8,0,0.5036430153413676
18167,8,0,0.5052137728363277
18203,8,-1,1.0
18231,8,0,0.5046597233740613
18267,8,-1,0.9999999999999702
18463,8,-1,0.9999999992385498
18751,8,-1,0.9999999999464493
20099,8,-1,0.9999999916478606
20671,8,0,0.5037762339052279
21653,8,1,0.999998927116394
21973,8,1,1.0
23939,8,-1,1.0
24207,8,0,0.7117164544761181
25057,8,-1,0.9999999999999766
25859,8,1,0.9994297623634338
26049,8,0,0.5032991806292557
26193,8,0,0.5019904687069356
26615,8,0,0.5039025443093124
26857,8,-1,0.9999999989865984
26983,8,0,0.5050859421608038
27069,8,0,0.5039308090345003
27865,8,0,0.5024741417728364
28489,8,0,0.5044872417784063
28877,8,0,0.505939378706401
29203,8,1,0.9831089973449707
30387,8,1,1.0
30591,8,-1,0.837176850065589
30629,8,0,0.5023526601726189
31705,8,-1,1.0
31787,8,0,0.506255872553993
33171,8,0,0.5060104841704742
33235,8,1,1.0
33737,8,1,0.9999911785125732
33933,8,1,1.0
34959,8,0,0.5036453725188039
35149,8,0,0.5038471514017147
35327,8,0,0.5058123826296992
36159,8,0,0.5035438392660581
36311,8,0,0.5027834463398904
39853,8,0,0.5032516464707442
40067,8,0,0.5042942335858243
40877,8,0,0.5039643807394896
41177,8,-1,0.999999999395536
41249,8,1,1.0
42729,8,0,0.5046103179920465
43227,8,0,0.5026086253637914
43589,8,0,0.5055061918446881
43757,8,0,0.5170752392150462
148571717,8,1,0.9881814122200012
148571718,8,1,0.9802708625793457
148571724,8,1,0.9999992847442627
148571779,8,0,0.5062860271416412
148571912,8,0,0.5027425272273831
148572031,8,0,0.7357860840857029
148572055,8,0,0.5044443330370996
148572080,8,0,0.5075614376160047
148572304,8,0,0.5047474482125835
148572309,8,0,0.4919529901817441
148572371,8,0,0.5030353835318238
148572607,8,0,0.6119946940452792
148572626,8,0,0.474500073119998
150277973,8,-1,0.9999999989533901
150280542,8,1,0.9998156428337097
150280548,8,1,1.0
150280743,8,0,0.503499567079416
150280818,8,1,0.9978653788566589
150280829,8,-1,0.9999999999999984
150280838,8,-1,0.5872229188680649
150280865,8,0,0.5043718757551687
150281029,8,0,0.5004864730653935
150281053,8,0,0.5053721082076663
150281163,8,0,0.5046860959337209
150281364,8,0,0.5004073643176525
150281391,8,1,0.9999992847442627
150281393,8,0,0.5043733206985053
150281436,8,0,0.5098907840438187
150281460,8,0,0.503447751631029
150281528,8,0,0.5068870207687723
150281546,8,0,0.5062150199322843
150281620,8,0,0.5048474010473001
150281689,8,0,0.6002825498580933
150281721,8,0,0.5038980874087429
150281726,8,0,0.5046932573040976
150281749,8,0,0.5028888820088468
150281763,8,0,0.5238811783492565
150281780,8,0,0.5047812745251576
150281902,8,1,0.9995730519294739
150281956,8,1,0.7785363793373108
150282064,8,0,0.504438456526259
150282114,8,0,0.5051831788623531
150282115,8,-1,1.0
150282116,8,0,0.12259119749069214
150282117,8,0,0.5033576483256184
150282118,8,-1,0.9999994294775547
150282119,8,0,0.49808258609846234
150282123,8,0,0.5040703911799937
150282124,8,1,0.9521442651748657
150282126,8,0,0.5016522826626897
150282229,8,0,0.5017372697475366
150282410,8,0,0.5017787008546293
150282473,8,-1,0.9981744077522308
150282475,8,0,0.4998295484110713
150284144,8,-1,0.9997708324954147
150284361,8,0,0.7062288834713399
150284544,8,1,0.9998384714126587
150284575,8,0,0.5033946975017898
150284678,8,0,0.5036687159736175
150284790,8,1,0.9903185963630676
150284858,8,-1,1.0
150285106,8,0,0.50755787335288
150285134,8,0,0.5219989363104105
150285160,8,0,0.5186008848249912
150285229,8,0,0.5048395658523077
150285232,8,1,1.0
150285233,8,0,0.5032309842063114
150285235,8,-1,0.9999999999998911
150285237,8,0,0.5060126216994831
150285254,8,0,0.5045024507126072
150285303,8,1,0.9999998807907104
150285322,8,0,0.5043896798597416
150285424,8,0,0.5023315840517171
150285464,8,-1,0.9999999999999944
150285689,8,0,0.5045066235834383
150285703,8,0,0.5005654420092469
150285706,8,1,1.0
150285763,8,0,0.5053347451512309
150285805,8,1,1.0
150285850,8,-1,0.995280726114288
150285890,8,0,0.5036119151045568
150285942,8,-1,0.9999999996840077
150285949,8,-1,0.9999604089352943
150285997,8,1,0.9554097056388855
150286068,8,0,0.5080219472233694
150286193,8,-1,0.997884942451492
150286207,8,0,0.5001186386834888
150286325,8,1,0.9377773404121399
150286328,8,-1,0.6472900249063969
150286406,8,0,0.5058292688409551
150286491,8,0,0.5053991626264178
150286500,8,0,0.5685220209416002
150286649,8,0,0.49317571287974715
150286710,8,0,0.5059617704537231
150286729,8,-1,0.999999999999975
150286741,8,0,0.506116084438645
150286742,8,0,0.4991180608049035
150286797,8,0,0.4947110489010811
150286851,8,0,0.5053368438939287
150286853,8,-1,0.9990356423077174
150286991,8,-1,0.4736313223838806
150287028,8,0,0.5017189183272421
150287082,8,0,0.6153735041880282
150287132,8,-1,0.9999603957985528
150287149,8,0,0.5041189450821548
150287150,8,0,0.6136584943742491
150287152,8,1,0.999996542930603
150287153,8,1,1.0
150287154,8,-1,0.9999977720899551
150287155,8,0,0.5043860640362254
150287157,8,-1,1.0
150287158,8,-1,0.9992153493221849
150287160,8,0,0.5000542440684512
150287297,8,0,0.5051423309305392
150287309,8,1,1.0
150287733,8,1,0.9999927282333374
150287744,8,-1,0.9999999999999984
150287797,8,0,0.50497600682138
150287829,8,0,0.5042073539225385
150288030,8,0,0.5017722499906085
150288147,8,0,0.5051729559327214
150288212,8,0,0.5042230074905092
150288219,8,0,0.5061976108363524
150289181,8,1,1.0
150289411,8,0,0.5003723835106939
150289675,8,0,0.5039959777204785
150289762,8,0,0.4640340320765972
150289763,8,0,0.5039965702453628
150289787,8,-1,1.0
150289890,8,0,0.504282121414235
150290043,8,0,0.5049474864354124
150290120,8,0,0.5050753921241267
150290155,8,0,0.5050988905422855
150290165,8,0,0.5043212965829298
150290181,8,-1,1.0
150290224,8,1,1.0
150290282,8,-1,0.9999999989388187
150290321,8,0,0.5042818060028367
150290550,8,1,0.887462854385376
150290677,8,1,1.0
150290689,8,-1,1.0
150290728,8,0,0.5024079659706331
150290740,8,0,0.5049518232672199
150290814,8,-1,0.7328414116054773
150290877,8,-1,0.9993772438028827
150291001,8,0,0.5056273678128491
150291453,8,0,0.50268508202862
150291466,8,0,0.502442553453875
150291467,8,0,0.5043447564248709
150291524,8,0,0.5031506288796663
150291742,8,-1,1.0
150291745,8,0,0.5018708845600486
150291782,8,0,0.5047216008242685
150291795,8,0,0.504037443184643
150291802,8,-1,0.9999902951512922
150292079,8,0,0.5033857473172247
150292152,8,1,0.6660382151603699
150292190,8,-1,1.0
150292252,8,0,0.5042676156881498
150292287,8,-1,0.9999999979077252
150292328,8,0,0.5578385144472122
150292485,8,0,0.5049474991137686
150292504,8,0,0.5053883761270299
150292612,8,0,0.506709448789536
150292655,8,0,0.5044466154504335
150292674,8,0,0.5025269735197071
150292763,8,0,0.505200320178119
150292964,8,-1,0.999999999999178
150292968,8,0,0.5055999501785209
150292974,8,0,0.5068848096926786
150292985,8,-1,1.0
150293151,8,0,0.5058946751296389
150759335,8,1,0.9824446439743042
150759487,8,1,0.999998927116394
150759520,8,0,0.783447740599513
150759578,8,0,0.5032126872975482
150759764,8,0,0.5061915010703615
150759827,8,0,0.5059449302207213
150760005,8,-1,0.9999999999985244
150760402,8,0,0.5038313871191349
150760433,8,-1,0.9999060425325297
150760834,8,0,0.2832441031932831
150760841,8,0,0.5046095819780021
150760842,8,-1,1.0
150761251,8,0,0.5051580568979261
150761497,8,-1,0.9911399837583303
150761515,8,0,0.4999902446870692
150761558,8,0,0.5051554363453761
150761686,8,-1,1.0
150761781,8,-1,1.0
150761828,8,0,0.559398332159617
150762167,8,-1,0.9988020540913567
163416476,8,0,0.5044799526478982
163450725,8,0,0.5141276447102427
163464790,8,0,0.503167339367792
163464792,8,0,0.4829477835446596
163464805,8,0,0.5044550384918693
163464814,8,1,1.0
163500016,8,0,0.49981656740419567
163500024,8,0,0.5057612878487134
163500076,8,1,0.9999996423721313
163500101,8,0,0.47583148442208767
164107285,8,0,0.5055708850813971
164107322,8,-1,0.999999999920751
164107366,8,-1,1.0
164107492,8,0,0.49905410199426115
164107570,8,-1,1.0
164107571,8,0,0.5049812594370451
164107572,8,-1,1.0
164107712,8,0,0.504799175883818
164107832,8,0,0.5036990113076172
164107833,8,0,0.495173511095345
164107913,8,0,0.6137143485248089
164107914,8,0,0.5056469297560398
10273,9,0,0.4999910475235083
10367,9,-1,0.4870554506778717
10881,9,0,0.5011897270853751
11191,9,0,0.5034024024498649
11745,9,0,0.5004147750514676
12255,9,-1,1.0
12363,9,0,0.501981722295568
12367,9,1,1.0
12501,9,0,0.5011014603696822
12681,9,1,0.7616302371025085
12727,9,0,0.5002590864896774
13105,9,0,0.6499942801892757
13623,9,0,0.5000539468892384
13921,9,-1,0.9999758817775728
13997,9,-1,0.9974775677546859
14315,9,0,0.501616903449758
15261,9,0,0.49967185489367694
15479,9,0,0.5004333280012361
16435,9,0,0.5005857010644377
16609,9,-1,0.8971014097332954
17355,9,1,1.0
17403,9,-1,0.7319947648793459
17825,9,0,0.5002105854218826
18167,9,0,0.5013620066938529
18203,9,-1,1.0
18231,9,0,0.4978061383590102
18267,9,-1,0.9999999999920679
18463,9,-1,0.9999972428981891
18751,9,-1,0.999999983698812
20099,9,-1,1.0
20671,9,0,0.49936344142770395
21653,9,1,1.0
21973,9,1,1.0
23939,9,-1,1.0
24207,9,0,0.5045264848786246
25057,9,-1,0.9999999881562189
25859,9,1,1.0
26049,9,0,0.501479815095081
26193,9,1,0.9992789626121521
26615,9,0,0.5656491628215008
26857,9,-1,0.9999999999999869
26983,9,0,0.5013074460148346
27069,9,0,0.5008778463525232
27865,9,0,0.4071263074874878
28489,9,0,0.5000920243328437
28877,9,0,0.5017613711984552
29203,9,1,0.9932671189308167
30387,9,1,1.0
30591,9,0,0.5778033137321472
30629,9,0,0.49961536045884714
31705,9,-1,1.0
31787,9,0,0.501536581412438
33171,9,0,0.5007192381744971
33235,9,1,1.0
33737,9,1,1.0
33933,9,1,1.0
34959,9,0,0.48639913834631443
35149,9,0,0.5026761456683744
35327,9,0,0.5033184761559824
36159,9,-1,0.9999999895101128
36311,9,0,0.4982322861906141
39853,9,0,0.5015059461875353
40067,9,0,0.5013581501407316
40877,9,0,0.4999579441937385
41177,9,-1,0.9999999999999991
41249,9,1,1.0
42729,9,0,0.48236195743083954
43227,9,0,0.5002676092472029
43589,9,0,0.5028621729522911
43757,9,-1,0.9999985961419497
148571717,9,1,1.0
148571718,9,1,0.9996891021728516
148571724,9,1,0.9999994039535522
148571779,9,0,0.5008251380786533
148571912,9,0,0.4987900103442371
148572031,9,-1,0.9999468169589818
148572055,9,0,0.5001570667809574
148572080,9,0,0.5013343833279578
148572304,9,0,0.50047948640713
148572309,9,0,0.5853551626205444
148572371,9,0,0.5013732304505538
148572607,9,-1,0.9810021985322237
148572626,9,0,0.49229773692786694
150277973,9,-1,0.9999999999987055
150280542,9,1,0.9999998807907104
150280548,9,1,1.0
150280743,9,0,0.5006709847802995
150280818,9,1,0.9999995231628418
150280829,9,-1,1.0
150280838,9,-1,0.7233592122793198
150280865,9,0,0.5006545373380504
150281029,9,0,0.5116621273591591
150281053,9,0,0.5007808393233972
150281163,9,0,0.5011950794923905
150281364,9,0,0.5016149644975485
150281391,9,1,1.0
150281393,9,0,0.5004636179983208
150281436,9,-1,0.9997672656900249
150281460,9,0,0.5003521151375026
150281528,9,0,0.5001386415497109
150281546,9,0,0.5027738783197577
150281620,9,0,0.5022649576640106
150281689,9,1,0.9999454021453857
150281721,9,0,0.5020970175100956
150281726,9,0,0.5018969798547914
150281749,9,0,0.4996363846003078
150281763,9,1,0.9979544878005981
150281780,9,0,0.5003229826688766
150281902,9,1,0.9999496936798096
150281956,9,1,0.9999997615814209
150282064,9,0,0.5003435942489887
150282114,9,0,0.49991138873883756
150282115,9,-1,0.9999999999999998
150282116,9,1,0.8054454922676086
150282117,9,0,0.4726668745279312
150282118,9,-1,0.9999720301912021
150282119,9,1,0.7471644282341003
150282123,9,0,0.49964140076190233
150282124,9,1,0.9868043661117554
150282126,9,0,0.5005234710115474
150282229,9,0,0.5486494600772858
150282410,9,-1,0.6208027303218842
150282473,9,0,0.5805427611339837
150282475,9,0,0.4978223410435021
150284144,9,0,0.48817266523838043
150284361,9,-1,0.9400356560945511
150284544,9,1,0.9841881990432739
150284575,9,0,0.5006274134502746
150284678,9,0,0.5004344076733105
150284790,9,1,1.0
150284858,9,-1,1.0
150285106,9,0,0.5025791433758968
150285134,9,1,0.9962075352668762
150285160,9,1,0.9702229499816895
150285229,9,0,0.500499678972119
150285232,9,1,1.0
150285233,9,0,0.7479459540918469
150285235,9,-1,0.9999998940932855
150285237,9,0,0.4933628053404391
150285254,9,1,0.9997158646583557
150285303,9,1,1.0
150285322,9,0,0.5012881674983873
150285424,9,0,0.5028038675955031
150285464,9,-1,0.9999999999999742
150285689,9,0,0.5018864579251385
150285703,9,0,0.5024024477752391
150285706,9,1,1.0
150285763,9,0,0.5026866883688399
150285805,9,1,1.0
150285850,9,0,0.8068421371281147
150285890,9,0,0.5015843329310883
150285942,9,-1,0.9999567715822195
150285949,9,-1,0.9999998337315645
150285997,9,1,0.6378558278083801
150286068,9,0,0.5026552275191989
150286193,9,-1,0.9999999999996485
150286207,9,0,0.7720177051669452
150286325,9,1,0.9059607982635498
150286328,9,0,0.665149625390768
150286406,9,0,0.5028230778777925
150286491,9,0,0.5013553110729845
150286500,9,-1,0.9489346891641617
150286649,9,0,0.4979089661501348
150286710,9,0,0.5010320593981419
150286729,9,-1,0.9999999999999978
150286741,9,0,0.501018445531372
150286742,9,0,0.5009766558505362
150286797,9,0,0.501008655584883
150286851,9,0,0.5028779469184883
150286853,9,-1,0.9952975795604289
150286991,9,-1,0.858087882399559
150287028,9,0,0.4988679811358452
150287082,9,0,0.5025122558072326
150287132,9,-1,0.9989374694996513
150287149,9,0,0.5015936035665618
150287150,9,-1,0.9294991493225098
150287152,9,1,1.0
150287153,9,1,1.0
150287154,9,-1,0.9999999989241534
150287155,9,0,0.5003188276314177
150287157,9,-1,1.0
150287158,9,-1,0.9553671106696129
150287160,9,0,0.4951953492127359
150287297,9,0,0.5008646856476844
150287309,9,1,1.0
150287733,9,1,0.9996868371963501
150287744,9,-1,0.9999999999999976
150287797,9,0,0.5687414388812613
150287829,9,0,0.5000489180674776
150288030,9,0,0.5003390948518245
150288147,9,0,0.5007625386697327
150288212,9,0,0.5001694213424344
150288219,9,0,0.5021367998506321
150289181,9,1,1.0
150289411,9,0,0.49998436620808206
150289675,9,0,0.5000761370174587
150289762,9,0,0.496059553232044
150289763,9,0,0.49931173399090767
150289787,9,-1,1.0
150289890,9,0,0.5018003743316513
150290043,9,0,0.5022173182860001
150290120,9,0,0.5032641491125105
150290155,9,-1,0.9999991829633359
150290165,9,0,0.5009082741453312
150290181,9,-1,1.0
150290224,9,1,1.0
150290282,9,-1,0.9999999995233994
150290321,9,0,0.4994419305585325
150290550,9,0,0.5240597277879715
150290677,9,1,1.0
150290689,9,-1,0.9999999999999999
150290728,9,0,0.5003186984395143
150290740,9,0,0.501868018965979
150290814,9,0,0.5673177014105022
150290877,9,1,0.9999847412109375
150291001,9,0,0.5011899747769348
150291453,9,0,0.5000696894712746
150291466,9,0,0.49937567044980824
150291467,9,0,0.5019329322440171
150291524,9,0,0.500026814173907
150291742,9,-1,1.0
150291745,9,0,0.4981459826231003
150291782,9,0,0.5007144237752073
150291795,9,0,0.5063498315867037
150291802,9,-1,0.9998153123597149
150292079,9,0,0.5006264490075409
150292152,9,1,0.9999957084655762
150292190,9,-1,1.0
150292252,9,0,0.5011725883850886
150292287,9,-1,0.9999999999995642
150292328,9,1,0.9122905135154724
150292485,9,0,0.5019454603834674
150292504,9,0,0.5032889513740884
150292612,9,0,0.5028201489353705
150292655,9,0,0.49943278718274087
150292674,9,0,0.4993338320637122
150292763,9,0,0.501805933599826
150292964,9,-1,0.9999999998897062
150292968,9,0,0.5027045932229726
150292974,9,0,0.5015133477681957
150292985,9,-1,0.9999999999999876
150293151,9,0,0.5033077466059694
150759335,9,1,0.9999998807907104
150759487,9,1,1.0
150759520,9,0,0.5600524288602173
150759578,9,0,0.5044867186797433
150759764,9,0,0.501535473169497
150759827,9,0,0.5010467652173247
150760005,9,-1,0.999999999999951
150760402,9,0,0.5001234075753018
150760433,9,-1,0.9999999945026472
150760834,9,1,0.6789751052856445
150760841,9,0,0.5005705641260647
150760842,9,-1,0.9999999999999999
150761251,9,0,0.4996460643596947
150761497,9,0,0.5291537851444446
150761515,9,0,0.7357038366608322
150761558,9,-1,0.41946345567703247
150761686,9,-1,1.0
150761781,9,-1,1.0
150761828,9,0,0.5038778950925007
150762167,9,-1,0.9961778612341732
163416476,9,0,0.502587974642438
163450725,9,0,0.5014240780728869
163464790,9,0,0.4982916119042784
163464792,9,0,0.5202815691009164
163464805,9,-1,0.9965946346055716
163464814,9,1,1.0
163500016,9,0,0.47174568101763725
163500024,9,0,0.5036477044351821
163500076,9,1,0.9999995231628418
163500101,9,0,0.5699435835704207
164107285,9,0,0.5008050955511862
164107322,9,-1,0.999999999998188
164107366,9,-1,1.0
164107492,9,0,0.49661464849486947
164107570,9,-1,1.0
164107571,9,0,0.5007903359310149
164107572,9,-1,0.999999724310328
164107712,9,0,0.5018915487598861
164107832,9,0,0.5003907500649802
164107833,9,0,0.49991280294489115
164107913,9,0,0.5472210012376308
164107914,9,0,0.5005417656502686
