i,perc,n,acc,cor,alpha
0,0.1,609,0.45422535211267606,0.19027272860460595,0.02528518408889091
0,0.1473684210526316,874,0.4894366197183099,0.12163464561988209,-0.0741921818738085
0,0.19473684210526315,1180,0.5387323943661971,0.3213390580880021,0.2845015486979465
0,0.24210526315789474,1446,0.602112676056338,0.5094857525444818,0.5087762348074737
0,0.2894736842105263,1742,0.5633802816901409,0.390021531658538,0.3741081572981676
0,0.33684210526315794,2039,0.6126760563380281,0.43304108644613615,0.4189334706681024
0,0.38421052631578945,2289,0.5880281690140845,0.452194160074234,0.42395394340758574
0,0.43157894736842106,2633,0.6091549295774648,0.4154213722395789,0.41300920051603585
0,0.4789473684210527,2899,0.5985915492957746,0.44577199468176537,0.4403575590959533
0,0.5263157894736842,3082,0.5598591549295775,0.3492989276745285,0.34404596168552326
0,0.5736842105263158,3491,0.6161971830985915,0.4961106438615441,0.42902930666405803
0,0.6210526315789474,3686,0.6056338028169014,0.4943057337229087,0.4924100887435777
0,0.6684210526315789,4034,0.6338028169014085,0.48257680957859184,0.47301112967363945
0,0.7157894736842105,4250,0.6408450704225352,0.5588612893165744,0.5544235037844842
0,0.7631578947368421,4605,0.6584507042253521,0.5272580389432779,0.5242627815099434
0,0.8105263157894737,4938,0.6267605633802817,0.45246266846467625,0.452413190652981
0,0.8578947368421053,5188,0.6126760563380281,0.4640589563129651,0.4543439523664653
0,0.9052631578947369,5491,0.6514084507042254,0.5466374903020291,0.5338505666628097
0,0.9526315789473684,5753,0.676056338028169,0.5772831510771574,0.5738085621970921
0,1.0,6038,0.6514084507042254,0.5355911174605746,0.5296246423161084
1,0.1,593,0.5422535211267606,0.33211127678361196,0.3323511696430026
1,0.1473684210526316,882,0.4964788732394366,0.20334135233244563,0.07546219696424727
1,0.19473684210526315,1203,0.5704225352112676,0.40447520113781543,0.3269887026007334
1,0.24210526315789474,1469,0.5915492957746479,0.38301914453746455,0.37427385427228566
1,0.2894736842105263,1768,0.573943661971831,0.41139836557213955,0.41183492407696043
1,0.33684210526315794,2054,0.5915492957746479,0.37762465253251404,0.3618956335381318
1,0.38421052631578945,2360,0.6091549295774648,0.45343410864156947,0.4212784361214428
1,0.43157894736842106,2653,0.6056338028169014,0.4486580420760385,0.43163043478260865
1,0.4789473684210527,2914,0.6056338028169014,0.4734877541373099,0.43223548540609136
1,0.5263157894736842,3147,0.5880281690140845,0.37782716343694905,0.33115759672853107
1,0.5736842105263158,3471,0.5845070422535211,0.4966587166414931,0.47880413076966966
1,0.6210526315789474,3710,0.6091549295774648,0.4672453817598113,0.4457418793100686
1,0.6684210526315789,4048,0.6654929577464789,0.540008739929674,0.5403127733566597
1,0.7157894736842105,4356,0.6373239436619719,0.47281319232550495,0.46524855965871603
1,0.7631578947368421,4600,0.6302816901408451,0.5278584259515152,0.5185978814587209
1,0.8105263157894737,4898,0.6302816901408451,0.4905986868572407,0.47132562851091264
1,0.8578947368421053,5227,0.6619718309859155,0.5619115088447264,0.5521112600536193
1,0.9052631578947369,5441,0.6725352112676056,0.5387761472341662,0.5272296247854165
1,0.9526315789473684,5732,0.6654929577464789,0.5315126126933954,0.5283156776095288
1,1.0,6038,0.6690140845070423,0.5372089084166776,0.5341379869002707
2,0.1,586,0.46830985915492956,0.31856086565325714,0.31318241450564377
2,0.1473684210526316,895,0.528169014084507,0.3662958912002554,0.35298353681504957
2,0.19473684210526315,1174,0.5809859154929577,0.4141750630145992,0.35039252410934885
2,0.24210526315789474,1477,0.5950704225352113,0.4947117798198977,0.4761180092000139
2,0.2894736842105263,1718,0.6091549295774648,0.4312835165875587,0.4293552366729433
2,0.33684210526315794,2002,0.5140845070422535,0.3244073314325106,0.11330272915300399
2,0.38421052631578945,2322,0.6126760563380281,0.5301726399412271,0.5202977667493797
2,0.43157894736842106,2613,0.5985915492957746,0.43954675675158916,0.42992734423907475
2,0.4789473684210527,2857,0.6197183098591549,0.46559451264550683,0.4238747050991567
2,0.5263157894736842,3127,0.5809859154929577,0.4379709220164066,0.40647088199139514
2,0.5736842105263158,3409,0.6197183098591549,0.467800785561049,0.4678259289909775
2,0.6210526315789474,3676,0.6232394366197183,0.542396436229542,0.4839803917512978
2,0.6684210526315789,3959,0.6514084507042254,0.5077252106024797,0.47283433432363686
2,0.7157894736842105,4321,0.5950704225352113,0.39789478573012077,0.3856200350074055
2,0.7631578947368421,4557,0.676056338028169,0.5769217823909485,0.5670022162292061
2,0.8105263157894737,4953,0.6302816901408451,0.4684957951038824,0.456461055208214
2,0.8578947368421053,5202,0.6267605633802817,0.4643401656778635,0.4289655172413793
2,0.9052631578947369,5473,0.6443661971830986,0.47277576949075134,0.46755773480507656
2,0.9526315789473684,5752,0.6690140845070423,0.5587931114828031,0.5516847754941747
2,1.0,6038,0.6338028169014085,0.5564291643453267,0.5491559990531165
3,0.1,605,0.4507042253521127,0.1448878754232271,0.11027292170355218
3,0.1473684210526316,915,0.5352112676056338,0.33348763300469875,0.22399208508533264
3,0.19473684210526315,1154,0.41901408450704225,0.1956199444769877,0.07216034751217393
3,0.24210526315789474,1402,0.5563380281690141,0.3562366173553255,0.32687775749951276
3,0.2894736842105263,1752,0.5704225352112676,0.39318760441639244,0.3047626651762545
3,0.33684210526315794,2028,0.5528169014084507,0.3478068806628614,0.31039848741548803
3,0.38421052631578945,2245,0.6408450704225352,0.4836229390898146,0.4484666555099991
3,0.43157894736842106,2605,0.545774647887324,0.3954468776706054,0.36682510594433626
3,0.4789473684210527,2878,0.5774647887323944,0.3837425404679873,0.3683773126727691
3,0.5263157894736842,3232,0.6126760563380281,0.5239900346227103,0.5157335074296499
3,0.5736842105263158,3484,0.6584507042253521,0.4843847718122733,0.48406551549009647
3,0.6210526315789474,3790,0.647887323943662,0.5069709823138158,0.49894415497968647
3,0.6684210526315789,3999,0.6443661971830986,0.5155157019746948,0.5151306170864252
3,0.7157894736842105,4314,0.676056338028169,0.5237567029819035,0.5245840168736817
3,0.7631578947368421,4577,0.6619718309859155,0.5617407188755825,0.5616843254058479
3,0.8105263157894737,4908,0.6232394366197183,0.43719477664673995,0.4300389830092921
3,0.8578947368421053,5205,0.6830985915492958,0.5633034474299864,0.5615602715009881
3,0.9052631578947369,5446,0.676056338028169,0.47713401673509986,0.46882959707108096
3,0.9526315789473684,5774,0.573943661971831,0.37549765489803594,0.2959044776119403
3,1.0,6038,0.6091549295774648,0.4754000298714265,0.4456123197262283
4,0.1,627,0.5492957746478874,0.4246512829028791,0.4128714612273606
4,0.1473684210526316,905,0.5211267605633803,0.27285356872731886,0.17208946095312605
4,0.19473684210526315,1181,0.4964788732394366,0.23129657240952023,0.19160794318887242
4,0.24210526315789474,1505,0.545774647887324,0.3696098441381045,0.36723163841807915
4,0.2894736842105263,1826,0.5774647887323944,0.45775358926762655,0.4334654626480591
4,0.33684210526315794,2059,0.5950704225352113,0.40085719334069425,0.4004585523147469
4,0.38421052631578945,2316,0.5316901408450704,0.4410062518833051,0.39778366794495834
4,0.43157894736842106,2577,0.6232394366197183,0.4842198864443059,0.4799148936170212
4,0.4789473684210527,2879,0.6091549295774648,0.4992347614500401,0.49165021463114233
4,0.5263157894736842,3209,0.5669014084507042,0.4098342460110845,0.3819558959165992
4,0.5736842105263158,3473,0.5985915492957746,0.4421616775733399,0.41227151136870266
4,0.6210526315789474,3773,0.6373239436619719,0.489911860257473,0.48878218569152065
4,0.6684210526315789,4051,0.6443661971830986,0.5180182237699533,0.5128636663214385
4,0.7157894736842105,4304,0.647887323943662,0.4623665328217475,0.43155417038990473
4,0.7631578947368421,4633,0.6514084507042254,0.5562818537540569,0.5492962868676583
4,0.8105263157894737,4892,0.6056338028169014,0.530919378576578,0.5201015658061787
4,0.8578947368421053,5212,0.6830985915492958,0.5455504973452947,0.544916489672456
4,0.9052631578947369,5457,0.647887323943662,0.5366700134058617,0.5216400911161732
4,0.9526315789473684,5726,0.6514084507042254,0.5475877043059955,0.5380123576941358
4,1.0,6038,0.647887323943662,0.5323622911426089,0.5296597806623607
5,0.1,592,0.4964788732394366,0.35778451622806645,0.2934579439252337
5,0.1473684210526316,894,0.5774647887323944,0.3732896901987464,0.3505394620159621
5,0.19473684210526315,1163,0.49295774647887325,0.3494887170151356,0.23321489181162502
5,0.24210526315789474,1519,0.6161971830985915,0.4967585166522649,0.49090463863429656
5,0.2894736842105263,1733,0.5669014084507042,0.37860077084397237,0.36823730408299693
5,0.33684210526315794,2063,0.6126760563380281,0.4435766826200757,0.4363729097599184
5,0.38421052631578945,2300,0.5915492957746479,0.4654052291358714,0.4565745790846574
5,0.43157894736842106,2616,0.6267605633802817,0.4999397620613494,0.48850800125509886
5,0.4789473684210527,2916,0.6302816901408451,0.5018171520388031,0.4946724233541947
5,0.5263157894736842,3158,0.6232394366197183,0.4954578331729986,0.49570461310671377
5,0.5736842105263158,3409,0.6126760563380281,0.5027504585759434,0.5004543546549441
5,0.6210526315789474,3749,0.6690140845070423,0.5298513783973576,0.5276275948450706
5,0.6684210526315789,4049,0.6619718309859155,0.5825447345108571,0.5667345899133979
5,0.7157894736842105,4360,0.6056338028169014,0.4264448708481335,0.39427164158963635
5,0.7631578947368421,4608,0.676056338028169,0.5821711466278552,0.5823160464724702
5,0.8105263157894737,4879,0.6725352112676056,0.537102312268596,0.5352334520907558
5,0.8578947368421053,5096,0.6654929577464789,0.5309274408274899,0.5226782744389462
5,0.9052631578947369,5439,0.6654929577464789,0.5079293270870322,0.5079632465543644
5,0.9526315789473684,5748,0.6654929577464789,0.554261981853465,0.5347595159364605
5,1.0,6038,0.6725352112676056,0.5522607857639457,0.5359221535103674
6,0.1,645,0.43661971830985913,0.27525835222744194,0.2687703119357796
6,0.1473684210526316,849,0.4964788732394366,0.40630741526559694,0.3970694667383666
6,0.19473684210526315,1144,0.5950704225352113,0.4271162709301627,0.3996239951594779
6,0.24210526315789474,1533,0.5633802816901409,0.39867025046783044,0.3314087055522801
6,0.2894736842105263,1765,0.4753521126760563,0.3665525708024301,0.2611441015191135
6,0.33684210526315794,2080,0.5316901408450704,0.2870619585217937,0.18579703149511284
6,0.38421052631578945,2322,0.5070422535211268,0.25111401064277006,0.17558626577381753
6,0.43157894736842106,2657,0.6126760563380281,0.5001129014559652,0.49858117432119875
6,0.4789473684210527,2917,0.5774647887323944,0.43938084207186884,0.4368689190928988
6,0.5263157894736842,3173,0.6056338028169014,0.4409855016089179,0.42284201954397393
6,0.5736842105263158,3452,0.6971830985915493,0.5859631932894025,0.5841316409771173
6,0.6210526315789474,3810,0.6197183098591549,0.4739578218480091,0.46843436576866615
6,0.6684210526315789,4052,0.6514084507042254,0.5292096176478052,0.5299610529773356
6,0.7157894736842105,4294,0.6232394366197183,0.46515507796052474,0.45430150139269454
6,0.7631578947368421,4621,0.5598591549295775,0.360042263640575,0.27119729122800007
6,0.8105263157894737,4891,0.6232394366197183,0.50357768038255,0.4579901153212521
6,0.8578947368421053,5224,0.647887323943662,0.540621573021604,0.5355761563539119
6,0.9052631578947369,5450,0.6443661971830986,0.5368190319052064,0.5265294429578882
6,0.9526315789473684,5728,0.6830985915492958,0.5483272375119961,0.5462063813893927
6,1.0,6038,0.6725352112676056,0.5380582423708281,0.534677381892507
7,0.1,614,0.528169014084507,0.3406185665116302,0.32624035281146646
7,0.1473684210526316,879,0.5809859154929577,0.3315624236203475,0.3086204585065023
7,0.19473684210526315,1200,0.5528169014084507,0.3826449024266897,0.31753173372578913
7,0.24210526315789474,1480,0.5422535211267606,0.42998246061434775,0.3836927268498521
7,0.2894736842105263,1733,0.5950704225352113,0.410223198654561,0.4082369942196532
7,0.33684210526315794,2061,0.5915492957746479,0.4246339164061925,0.42050912442178523
7,0.38421052631578945,2312,0.5669014084507042,0.4475206641432116,0.4016826694552714
7,0.43157894736842106,2538,0.5915492957746479,0.3963589249860696,0.3754035416149305
7,0.4789473684210527,2895,0.6338028169014085,0.520885514205655,0.49630996309963105
7,0.5263157894736842,3167,0.6232394366197183,0.45495115948767706,0.45582079189724534
7,0.5736842105263158,3495,0.6514084507042254,0.5279579657605382,0.5287029437442168
7,0.6210526315789474,3679,0.5950704225352113,0.4443011194974092,0.4337465888923522
7,0.6684210526315789,4003,0.6126760563380281,0.4637499905527285,0.44282530019413746
7,0.7157894736842105,4355,0.602112676056338,0.40183984189319216,0.338246071166843
7,0.7631578947368421,4634,0.6126760563380281,0.44564000378175894,0.43504155438302494
7,0.8105263157894737,4914,0.6690140845070423,0.5486274509484986,0.5254011862274373
7,0.8578947368421053,5165,0.6795774647887324,0.5572822732009874,0.5517924605781865
7,0.9052631578947369,5460,0.6795774647887324,0.5942957352194964,0.5865305450354026
7,0.9526315789473684,5771,0.6302816901408451,0.4820849699768558,0.44776864870264466
7,1.0,6038,0.6725352112676056,0.5659520274177198,0.5612632317438047
8,0.1,608,0.5528169014084507,0.28516435501011095,0.27436119937821113
8,0.1473684210526316,876,0.528169014084507,0.28623776439181486,0.2713841216414551
8,0.19473684210526315,1157,0.5070422535211268,0.27308352421765053,0.19178735384381262
8,0.24210526315789474,1417,0.5633802816901409,0.36119085448483634,0.36012135991153205
8,0.2894736842105263,1771,0.5774647887323944,0.39815690330841147,0.37495267576776603
8,0.33684210526315794,2008,0.5985915492957746,0.39313130635630256,0.3821493034406067
8,0.38421052631578945,2291,0.6126760563380281,0.441937509087852,0.4340004424611632
8,0.43157894736842106,2599,0.5845070422535211,0.456409193529788,0.43238605021758225
8,0.4789473684210527,2913,0.6408450704225352,0.48766503031381697,0.48542514512069135
8,0.5263157894736842,3211,0.5422535211267606,0.30205729362627665,0.28742254187094063
8,0.5736842105263158,3422,0.602112676056338,0.4272969223370793,0.3600943045042809
8,0.6210526315789474,3827,0.6232394366197183,0.5331071795488396,0.5181957945095804
8,0.6684210526315789,4084,0.6584507042253521,0.5278218851717693,0.5273260723642899
8,0.7157894736842105,4344,0.6302816901408451,0.5216667114790676,0.4814330389630824
8,0.7631578947368421,4617,0.6373239436619719,0.49291027616985256,0.4923526825210983
8,0.8105263157894737,4921,0.6514084507042254,0.484620195679276,0.48233810838423585
8,0.8578947368421053,5186,0.602112676056338,0.4007333471032952,0.36276506529291963
8,0.9052631578947369,5498,0.6725352112676056,0.546992236806811,0.5434912948888521
8,0.9526315789473684,5737,0.6549295774647887,0.4716917273289365,0.472552657426607
8,1.0,6038,0.5985915492957746,0.48884628584781337,0.4623699609882965
9,0.1,641,0.4507042253521127,0.19414581589159274,0.12781569362424405
9,0.1473684210526316,870,0.5140845070422535,0.35678893873534157,0.3225105650012673
9,0.19473684210526315,1160,0.5492957746478874,0.3519926560954873,0.2977959697732998
9,0.24210526315789474,1467,0.5669014084507042,0.3238141755472418,0.28676644850782995
9,0.2894736842105263,1761,0.5352112676056338,0.30256819417080194,0.25512348922753536
9,0.33684210526315794,2087,0.6161971830985915,0.4971800027689917,0.4744075447364179
9,0.38421052631578945,2311,0.5809859154929577,0.451834806426416,0.40624541856032836
9,0.43157894736842106,2585,0.6443661971830986,0.4597563683543285,0.4606802231419831
9,0.4789473684210527,2876,0.6232394366197183,0.49019583029681363,0.48324453168816595
9,0.5263157894736842,3196,0.6091549295774648,0.47981207724931985,0.44812649769191815
9,0.5736842105263158,3441,0.6126760563380281,0.44246952391465205,0.4338208243551216
9,0.6210526315789474,3726,0.6197183098591549,0.512307286214846,0.5047656775757807
9,0.6684210526315789,4061,0.6056338028169014,0.4491865595609903,0.41109563014566186
9,0.7157894736842105,4266,0.6232394366197183,0.4796195115131199,0.4221361598043213
9,0.7631578947368421,4623,0.6338028169014085,0.5200700530495322,0.47842236376926184
9,0.8105263157894737,4891,0.602112676056338,0.3746374820078828,0.3307688029513728
9,0.8578947368421053,5190,0.6408450704225352,0.49479604592116977,0.48974433368904013
9,0.9052631578947369,5466,0.6725352112676056,0.546987311089705,0.547066717791411
9,0.9526315789473684,5743,0.6267605633802817,0.5050950268211649,0.4946143416691774
9,1.0,6038,0.6408450704225352,0.5424009490689019,0.5253170444327306
10,0.1,590,0.4964788732394366,0.05738659762252909,-0.006075711652248295
10,0.1473684210526316,868,0.545774647887324,0.31505906327370004,0.2763221337931895
10,0.19473684210526315,1218,0.4823943661971831,0.22766304251149752,0.20171709363957602
10,0.24210526315789474,1408,0.5809859154929577,0.4118041541750271,0.3882151510256824
10,0.2894736842105263,1861,0.5774647887323944,0.4294016596565352,0.4270476618200191
10,0.33684210526315794,2047,0.5915492957746479,0.3929840444019376,0.3910764354504449
10,0.38421052631578945,2378,0.6126760563380281,0.47790209567699615,0.45376006998869967
10,0.43157894736842106,2582,0.6267605633802817,0.41848628779386,0.3774271844660194
10,0.4789473684210527,2934,0.6373239436619719,0.5064451870910688,0.5047752862323656
10,0.5263157894736842,3200,0.6197183098591549,0.48923575718847817,0.47161522222856167
10,0.5736842105263158,3485,0.6443661971830986,0.5509173019187479,0.5324932810503591
10,0.6210526315789474,3767,0.6232394366197183,0.5264532759869478,0.48501868062272013
10,0.6684210526315789,4052,0.6232394366197183,0.4886565228623657,0.472794696770806
10,0.7157894736842105,4318,0.6619718309859155,0.4773239304767144,0.4723477798457857
10,0.7631578947368421,4566,0.6514084507042254,0.5233465341594757,0.5214489883189664
10,0.8105263157894737,4889,0.647887323943662,0.4867978313427976,0.482834787577749
10,0.8578947368421053,5168,0.6408450704225352,0.501857640948639,0.5022110944917734
10,0.9052631578947369,5427,0.6443661971830986,0.4800528347154878,0.4601637173083981
10,0.9526315789473684,5752,0.6584507042253521,0.546852363210455,0.5414694479461504
10,1.0,6038,0.647887323943662,0.5046167915392267,0.5015041416859098
11,0.1,623,0.4788732394366197,0.06953399795165259,0.037830246642675314
11,0.1473684210526316,827,0.43661971830985913,0.2309767568752903,0.18484971687002016
11,0.19473684210526315,1154,0.5211267605633803,0.31966563742276155,0.2713854061751121
11,0.24210526315789474,1529,0.602112676056338,0.5019561647244908,0.4784431107951014
11,0.2894736842105263,1743,0.5070422535211268,0.3626001500467911,0.35580972010457546
11,0.33684210526315794,2046,0.5563380281690141,0.34199535255729774,0.32219771665801755
11,0.38421052631578945,2372,0.6443661971830986,0.4984512566247405,0.48958047940418337
11,0.43157894736842106,2578,0.6443661971830986,0.510963678337593,0.510441791676647
11,0.4789473684210527,2914,0.5915492957746479,0.4176139745950473,0.39260846277450456
11,0.5263157894736842,3153,0.6126760563380281,0.5138478591858141,0.4976055970130142
11,0.5736842105263158,3430,0.6302816901408451,0.48230925496932303,0.4781364526331643
11,0.6210526315789474,3776,0.6373239436619719,0.4880738080971066,0.48576924632172414
11,0.6684210526315789,4035,0.602112676056338,0.3960202838479562,0.35538953511164373
11,0.7157894736842105,4313,0.602112676056338,0.3625568879640832,0.32270026591324585
11,0.7631578947368421,4624,0.647887323943662,0.46601278448944905,0.41280503504505783
11,0.8105263157894737,4875,0.6443661971830986,0.5374491756288331,0.527342998548469
11,0.8578947368421053,5148,0.6197183098591549,0.49319356317935853,0.4674389480275517
11,0.9052631578947369,5464,0.6338028169014085,0.5093835103854617,0.505643816378478
11,0.9526315789473684,5748,0.6619718309859155,0.5616092787189505,0.555373261330204
11,1.0,6038,0.6795774647887324,0.5574819980598263,0.5558975377283559
12,0.1,589,0.4471830985915493,0.19043388301073888,0.11969978521611113
12,0.1473684210526316,875,0.5176056338028169,0.32381417554724146,0.26929047958712715
12,0.19473684210526315,1175,0.5845070422535211,0.3893870987637904,0.3698657745173123
12,0.24210526315789474,1490,0.5633802816901409,0.4215842746854283,0.42099443149954585
12,0.2894736842105263,1666,0.4788732394366197,0.26722364572935653,0.2217547735265213
12,0.33684210526315794,2037,0.5880281690140845,0.37063665264084195,0.36506866486531653
12,0.38421052631578945,2256,0.6232394366197183,0.4816958257618221,0.4799328859060402
12,0.43157894736842106,2640,0.6197183098591549,0.5088685428159139,0.5095627102354637
12,0.4789473684210527,2846,0.6056338028169014,0.44026562583778023,0.4109302995391706
12,0.5263157894736842,3158,0.6267605633802817,0.49151391243039916,0.46287254973402314
12,0.5736842105263158,3473,0.5845070422535211,0.38937727851551235,0.2658719528529332
12,0.6210526315789474,3755,0.5985915492957746,0.4577228797313654,0.44948018101397347
12,0.6684210526315789,4044,0.6232394366197183,0.5038635708263142,0.5002873893550983
12,0.7157894736842105,4375,0.647887323943662,0.5270920276713462,0.5202359671076153
12,0.7631578947368421,4623,0.6443661971830986,0.5126092887276013,0.5131620280203556
12,0.8105263157894737,4903,0.6408450704225352,0.46281656049262965,0.4511863486682064
12,0.8578947368421053,5128,0.5669014084507042,0.39498699896214784,0.2549492440760689
12,0.9052631578947369,5474,0.6830985915492958,0.5955465178895255,0.5920455681023283
12,0.9526315789473684,5759,0.647887323943662,0.4700285228224431,0.457825868142929
12,1.0,6038,0.6443661971830986,0.489921846650424,0.4807692307692307
13,0.1,586,0.5598591549295775,0.3413179654426509,0.3374497459629471
13,0.1473684210526316,915,0.5774647887323944,0.3973921660628435,0.38008530626569126
13,0.19473684210526315,1109,0.5915492957746479,0.3500595565611944,0.3038022101517138
13,0.24210526315789474,1448,0.573943661971831,0.39690211974581086,0.38107549120992756
13,0.2894736842105263,1788,0.6091549295774648,0.44537153517457123,0.44326760563380285
13,0.33684210526315794,2078,0.573943661971831,0.3541487602479032,0.2843442564937363
13,0.38421052631578945,2302,0.6056338028169014,0.45895747163997913,0.45640511892450875
13,0.43157894736842106,2612,0.6443661971830986,0.4854704825125141,0.4642149017637195
13,0.4789473684210527,2832,0.6795774647887324,0.5564725938060165,0.542741935483871
13,0.5263157894736842,3213,0.5950704225352113,0.4418904197460151,0.43284705988131633
13,0.5736842105263158,3456,0.6690140845070423,0.5501319441464275,0.54023799494524
13,0.6210526315789474,3706,0.6232394366197183,0.4990578674390197,0.49126106194690267
13,0.6684210526315789,4016,0.6549295774647887,0.5248145080099172,0.504633725559586
13,0.7157894736842105,4296,0.5985915492957746,0.5481763523505743,0.5247321566209342
13,0.7631578947368421,4604,0.6514084507042254,0.5274055837016769,0.5024077407740775
13,0.8105263157894737,4947,0.6514084507042254,0.5350809531649167,0.5249180327868852
13,0.8578947368421053,5167,0.6795774647887324,0.5809740078706137,0.5717249303176664
13,0.9052631578947369,5454,0.6866197183098591,0.5884022801762434,0.5850990530009668
13,0.9526315789473684,5758,0.6514084507042254,0.5149868159577139,0.5051502167084962
13,1.0,6038,0.6654929577464789,0.5471037422417614,0.5472435874319332
14,0.1,621,0.4823943661971831,0.14624125795813278,0.012755834199666971
14,0.1473684210526316,858,0.5211267605633803,0.3199453533031372,0.2845045154620367
14,0.19473684210526315,1179,0.5211267605633803,0.20919538283762334,0.12161390876761646
14,0.24210526315789474,1490,0.5598591549295775,0.3436257721986272,0.3197216497755695
14,0.2894736842105263,1721,0.5774647887323944,0.4191410049049181,0.4009726375807038
14,0.33684210526315794,1950,0.5633802816901409,0.36843087149690706,0.3677151075537768
14,0.38421052631578945,2300,0.5950704225352113,0.40927600096267475,0.40531017252757606
14,0.43157894736842106,2554,0.5845070422535211,0.3892666440175532,0.3734106486540181
14,0.4789473684210527,2927,0.6338028169014085,0.509669124279943,0.5048196104170848
14,0.5263157894736842,3140,0.6443661971830986,0.5105886211944556,0.5003749090093099
14,0.5736842105263158,3408,0.6373239436619719,0.5100909881427872,0.5074699928491556
14,0.6210526315789474,3710,0.6267605633802817,0.45454164661835506,0.44278711949018157
14,0.6684210526315789,4077,0.6302816901408451,0.47667711442314864,0.47585274010163414
14,0.7157894736842105,4378,0.6514084507042254,0.5046485544890544,0.49684386772708256
14,0.7631578947368421,4612,0.6443661971830986,0.516472009741051,0.5088809946714031
14,0.8105263157894737,4871,0.6866197183098591,0.5755551419304374,0.5724534643226473
14,0.8578947368421053,5152,0.573943661971831,0.45271495671334827,0.41040218324153244
14,0.9052631578947369,5454,0.6549295774647887,0.5298372607786003,0.5305110682542344
14,0.9526315789473684,5750,0.6373239436619719,0.47198260193887775,0.4613059250302298
14,1.0,6038,0.545774647887324,0.40375438443657724,0.3711462765764656
15,0.1,640,0.5105633802816901,0.3446246980458024,0.22750571646341455
15,0.1473684210526316,899,0.43661971830985913,0.12151021744266656,0.07682339259013127
15,0.19473684210526315,1200,0.5950704225352113,0.39202169934619197,0.38614670790985406
15,0.24210526315789474,1488,0.6126760563380281,0.49249624371576334,0.4893110482524258
15,0.2894736842105263,1769,0.6232394366197183,0.4202424499999027,0.41115346457104074
15,0.33684210526315794,2054,0.4753521126760563,0.31416773125293707,0.10794089507813331
15,0.38421052631578945,2350,0.602112676056338,0.3592709970353581,0.3230979001908917
15,0.43157894736842106,2620,0.6126760563380281,0.4953174764567118,0.4355331492661013
15,0.4789473684210527,2899,0.6091549295774648,0.4788559059586505,0.47438853366927347
15,0.5263157894736842,3212,0.5246478873239436,0.22901242929789212,0.18294105537638106
15,0.5736842105263158,3399,0.6091549295774648,0.44034751559966834,0.4081578031742633
15,0.6210526315789474,3805,0.6232394366197183,0.46206632700600314,0.4404647094444568
15,0.6684210526315789,4008,0.6654929577464789,0.5530016972612437,0.5534890358179138
15,0.7157894736842105,4265,0.6901408450704225,0.5632858204397111,0.5528074975387143
15,0.7631578947368421,4571,0.6302816901408451,0.5066482592185361,0.5035258131552526
15,0.8105263157894737,4852,0.6725352112676056,0.5612877336503387,0.5568520068511753
15,0.8578947368421053,5178,0.6584507042253521,0.5272279773928302,0.5049023276700846
15,0.9052631578947369,5447,0.6584507042253521,0.5205868225729978,0.49716266138553533
15,0.9526315789473684,5758,0.647887323943662,0.525422261351575,0.5164419469776641
15,1.0,6038,0.6690140845070423,0.5081328787884289,0.5082978607426202
16,0.1,603,0.45774647887323944,0.11392702597510301,0.01458561506830458
16,0.1473684210526316,861,0.5105633802816901,0.23019607780695392,0.19528597198641773
16,0.19473684210526315,1163,0.5704225352112676,0.37276874445845753,0.35835799736364315
16,0.24210526315789474,1498,0.5105633802816901,0.24876399149810136,0.23448594273562273
16,0.2894736842105263,1715,0.5669014084507042,0.44318925575325047,0.42923719334874366
16,0.33684210526315794,2033,0.6267605633802817,0.47017230776348,0.4690172627778405
16,0.38421052631578945,2301,0.5915492957746479,0.372193206762773,0.3660970706490523
16,0.43157894736842106,2633,0.6232394366197183,0.38233001514725534,0.31290573876915073
16,0.4789473684210527,2878,0.6197183098591549,0.46095872147306094,0.4098762269226458
16,0.5263157894736842,3195,0.6408450704225352,0.5116257141410531,0.5123176248221377
16,0.5736842105263158,3539,0.6267605633802817,0.4849308295064693,0.47682867753915703
16,0.6210526315789474,3768,0.6267605633802817,0.41316693702035506,0.3583246385452378
16,0.6684210526315789,4095,0.6373239436619719,0.5351055572562293,0.5307971014492754
16,0.7157894736842105,4313,0.6549295774647887,0.557068818074128,0.5541133150766042
16,0.7631578947368421,4610,0.6373239436619719,0.49206546523424255,0.4753303475589443
16,0.8105263157894737,4885,0.6267605633802817,0.44596988517709846,0.39845961771791316
16,0.8578947368421053,5176,0.6584507042253521,0.5622190420318232,0.5480702305844316
16,0.9052631578947369,5437,0.676056338028169,0.5674145085486559,0.5651342750520846
16,0.9526315789473684,5761,0.6619718309859155,0.5081305781167887,0.5082608339924182
16,1.0,6038,0.6161971830985915,0.4296465323360647,0.3491986870052133
17,0.1,616,0.5316901408450704,0.2826721292716765,0.27800311818673096
17,0.1473684210526316,923,0.5387323943661971,0.3927716152550085,0.3457340010615956
17,0.19473684210526315,1163,0.5035211267605634,0.27041687424408256,0.2003860694925087
17,0.24210526315789474,1426,0.573943661971831,0.3963010225577164,0.3913974428136836
17,0.2894736842105263,1767,0.5915492957746479,0.41771578779215923,0.3948040229758577
17,0.33684210526315794,2006,0.602112676056338,0.5062523961416115,0.5047239967704009
17,0.38421052631578945,2330,0.5985915492957746,0.425168639587481,0.4179469026548672
17,0.43157894736842106,2575,0.5598591549295775,0.4018954611332027,0.3830480771475938
17,0.4789473684210527,2861,0.6056338028169014,0.4904681927710411,0.4219695370230735
17,0.5263157894736842,3199,0.5809859154929577,0.4211955498628595,0.41777820121951226
17,0.5736842105263158,3488,0.6267605633802817,0.4952573657237038,0.49399114138201017
17,0.6210526315789474,3798,0.6408450704225352,0.5220551340865943,0.5090285635116725
17,0.6684210526315789,4006,0.528169014084507,0.3366078215999889,0.3030000996710853
17,0.7157894736842105,4304,0.6267605633802817,0.4882922052209666,0.47410826032540676
17,0.7631578947368421,4627,0.6338028169014085,0.5133984984242085,0.49861223989081926
17,0.8105263157894737,4892,0.6549295774647887,0.5034390970343358,0.502121584645279
17,0.8578947368421053,5184,0.6232394366197183,0.46498527769447756,0.42634135488894653
17,0.9052631578947369,5469,0.6514084507042254,0.5482923332168052,0.5220466220980474
17,0.9526315789473684,5743,0.6549295774647887,0.5698360994174912,0.5679434979414508
17,1.0,6038,0.647887323943662,0.473215601915704,0.44881889763779526
18,0.1,606,0.5140845070422535,0.2712828447760839,0.2642318469900138
18,0.1473684210526316,905,0.46830985915492956,0.25200316503955256,0.16970045228738784
18,0.19473684210526315,1148,0.5669014084507042,0.41798573563325647,0.3785375833984408
18,0.24210526315789474,1434,0.5492957746478874,0.4077390528471101,0.39554423243712056
18,0.2894736842105263,1733,0.5633802816901409,0.45711022769617093,0.4337731174742179
18,0.33684210526315794,2012,0.545774647887324,0.32528663791985707,0.2200072402558224
18,0.38421052631578945,2329,0.6091549295774648,0.4378220147120443,0.43739594019609496
18,0.43157894736842106,2625,0.6161971830985915,0.48948811098929534,0.4865207527025224
18,0.4789473684210527,2848,0.6514084507042254,0.5770901745792006,0.5705268473320989
18,0.5263157894736842,3208,0.6197183098591549,0.4972073527342063,0.4509234280971156
18,0.5736842105263158,3456,0.5950704225352113,0.36963867104615156,0.3411601544302306
18,0.6210526315789474,3724,0.5704225352112676,0.4645467268458461,0.45885497864475144
18,0.6684210526315789,4011,0.6443661971830986,0.5104308131310824,0.4961394584067218
18,0.7157894736842105,4311,0.6091549295774648,0.47689303265637956,0.44613178332167125
18,0.7631578947368421,4598,0.6690140845070423,0.526854643300417,0.5274774272656337
18,0.8105263157894737,4919,0.6197183098591549,0.4472164017732948,0.4352951454614288
18,0.8578947368421053,5193,0.6408450704225352,0.46293489658790365,0.4476159548498353
18,0.9052631578947369,5493,0.6936619718309859,0.6057825925341508,0.6064423249955012
18,0.9526315789473684,5774,0.5809859154929577,0.435622592965234,0.2988183626352442
18,1.0,6038,0.6338028169014085,0.48218461942955265,0.4586320512608243
19,0.1,610,0.5845070422535211,0.3668751331651065,0.36670090420784995
19,0.1473684210526316,902,0.5422535211267606,0.40218999048363807,0.37751979631403143
19,0.19473684210526315,1152,0.5070422535211268,0.24259951915373068,0.19545788851991353
19,0.24210526315789474,1443,0.545774647887324,0.3557035134763827,0.3239268680445151
19,0.2894736842105263,1747,0.5985915492957746,0.4539948245025579,0.4453411592076302
19,0.33684210526315794,2074,0.6232394366197183,0.45817840403068827,0.44439579684763575
19,0.38421052631578945,2274,0.6197183098591549,0.49404758127826176,0.4679750009951833
19,0.43157894736842106,2681,0.5985915492957746,0.48554743358851643,0.47318520590644797
19,0.4789473684210527,2858,0.6338028169014085,0.4979924422701074,0.49316254976098073
19,0.5263157894736842,3125,0.5845070422535211,0.41987057631423674,0.41244615448956545
19,0.5736842105263158,3388,0.6408450704225352,0.5550320219920865,0.5443031481027594
19,0.6210526315789474,3706,0.5950704225352113,0.46243265194422006,0.425399341788409
19,0.6684210526315789,4029,0.6443661971830986,0.5188469785207872,0.5181051642772473
19,0.7157894736842105,4328,0.6443661971830986,0.5129333540779707,0.5136003495329792
19,0.7631578947368421,4538,0.6126760563380281,0.43849121979569144,0.4325017088174983
19,0.8105263157894737,4889,0.6443661971830986,0.5311767519842205,0.5289137127022472
19,0.8578947368421053,5186,0.6197183098591549,0.4563264819180761,0.428626033775801
19,0.9052631578947369,5488,0.6619718309859155,0.5512696360049015,0.5288414929714009
19,0.9526315789473684,5769,0.676056338028169,0.598335296339594,0.5901336042826162
19,1.0,6038,0.6654929577464789,0.5533206986558341,0.5480082809822958
20,0.1,575,0.4788732394366197,0.342475678647708,0.2774744105807935
20,0.1473684210526316,945,0.5070422535211268,0.2849689263785675,0.22757135637538184
20,0.19473684210526315,1180,0.5492957746478874,0.3751375283941901,0.37448536269135413
20,0.24210526315789474,1467,0.5774647887323944,0.400957362441535,0.3411321438093273
20,0.2894736842105263,1658,0.573943661971831,0.3946532719746558,0.3874013528748591
20,0.33684210526315794,2043,0.6197183098591549,0.5382546441956113,0.48718721736508885
20,0.38421052631578945,2302,0.6091549295774648,0.4851999453902404,0.4776858901963642
20,0.43157894736842106,2627,0.6091549295774648,0.47138332275122935,0.4713099334209422
20,0.4789473684210527,2923,0.6091549295774648,0.5461751084122685,0.5051944813829787
20,0.5263157894736842,3222,0.5915492957746479,0.4680467825961251,0.4532517036739818
20,0.5736842105263158,3475,0.5950704225352113,0.49662020607527324,0.4547737476738314
20,0.6210526315789474,3755,0.6408450704225352,0.47061533354070395,0.46792658859927994
20,0.6684210526315789,4071,0.6549295774647887,0.502408497883266,0.4994544208361892
20,0.7157894736842105,4350,0.6443661971830986,0.529810898084267,0.5075426381037871
20,0.7631578947368421,4582,0.6408450704225352,0.4919479546956536,0.4925417661097852
20,0.8105263157894737,4861,0.647887323943662,0.5403897608773021,0.5231994459833794
20,0.8578947368421053,5183,0.6619718309859155,0.47450560614969517,0.46880384217780835
20,0.9052631578947369,5484,0.6866197183098591,0.570744809316287,0.568025224804391
20,0.9526315789473684,5741,0.6619718309859155,0.5006831881541964,0.4936288444364023
20,1.0,6038,0.6654929577464789,0.5106280470139734,0.4875265794876885
21,0.1,583,0.4295774647887324,0.2083162816718839,-0.02699672244264284
21,0.1473684210526316,916,0.5598591549295775,0.40425624952672723,0.39219811833452156
21,0.19473684210526315,1166,0.5598591549295775,0.3257050808298027,0.22007355353350488
21,0.24210526315789474,1450,0.5316901408450704,0.31458860810123795,0.3015833911894469
21,0.2894736842105263,1733,0.528169014084507,0.37042470802107114,0.32792014392385027
21,0.33684210526315794,2083,0.5492957746478874,0.3773668135386224,0.3605044601661027
21,0.38421052631578945,2311,0.4894366197183099,0.22340513666865777,0.09277190519448342
21,0.43157894736842106,2586,0.5387323943661971,0.3324904357128499,0.12468071967889516
21,0.4789473684210527,2890,0.6267605633802817,0.5123918936285413,0.5067188287903892
21,0.5263157894736842,3226,0.6161971830985915,0.5017687348028829,0.4873993634150908
21,0.5736842105263158,3459,0.6267605633802817,0.43365609854693565,0.430212998361551
21,0.6210526315789474,3780,0.647887323943662,0.5973897041043256,0.5830490481745851
21,0.6684210526315789,4077,0.6091549295774648,0.4668524371525388,0.46472510963131397
21,0.7157894736842105,4326,0.6514084507042254,0.5158371192934427,0.5150366412536166
21,0.7631578947368421,4554,0.6161971830985915,0.4518553487908176,0.4399245689655171
21,0.8105263157894737,4884,0.6126760563380281,0.40566585700754754,0.3551173003771245
21,0.8578947368421053,5156,0.6725352112676056,0.562077811990005,0.5339230893972522
21,0.9052631578947369,5462,0.6549295774647887,0.5171636027821865,0.5120848276937471
21,0.9526315789473684,5770,0.6619718309859155,0.5407110459936272,0.4704315206573608
21,1.0,6038,0.6619718309859155,0.5229544700259994,0.5143391916756551
22,0.1,581,0.46830985915492956,0.1356087393286612,0.05649117773633616
22,0.1473684210526316,880,0.545774647887324,0.36774044684734,0.323773771003276
22,0.19473684210526315,1168,0.5387323943661971,0.2567404437118369,0.24176644378790235
22,0.24210526315789474,1459,0.5915492957746479,0.4804378179527225,0.46817850698230257
22,0.2894736842105263,1707,0.5774647887323944,0.4551846166789726,0.4331503886723931
22,0.33684210526315794,1995,0.6302816901408451,0.48025265113918053,0.45767717049867507
22,0.38421052631578945,2271,0.5809859154929577,0.43059770064380654,0.4263883712262393
22,0.43157894736842106,2684,0.5809859154929577,0.372107787006374,0.35324705117666166
22,0.4789473684210527,2897,0.6232394366197183,0.4912093136124212,0.48669446098868374
22,0.5263157894736842,3212,0.6267605633802817,0.5249983168718968,0.5219363279546445
22,0.5736842105263158,3419,0.6161971830985915,0.44882831816643826,0.44278711949018157
22,0.6210526315789474,3730,0.6232394366197183,0.49085570294200964,0.4895554249796499
22,0.6684210526315789,3976,0.5809859154929577,0.3327766398435397,0.3025830258302583
22,0.7157894736842105,4331,0.647887323943662,0.49758995993275146,0.4932586918736943
22,0.7631578947368421,4631,0.6690140845070423,0.5752876243486535,0.5734840815126099
22,0.8105263157894737,4904,0.6549295774647887,0.531470059351457,0.5163853474591489
22,0.8578947368421053,5158,0.6161971830985915,0.4400889885827138,0.431306281752175
22,0.9052631578947369,5460,0.6584507042253521,0.5080252528429069,0.49356208240534516
22,0.9526315789473684,5730,0.6830985915492958,0.5328968466764126,0.532476527628136
22,1.0,6038,0.6373239436619719,0.47703792843879744,0.4503578693588488
23,0.1,592,0.49295774647887325,0.25643645686673716,0.1368352902063028
23,0.1473684210526316,904,0.5035211267605634,0.38417121877128374,0.35336604921205417
23,0.19473684210526315,1144,0.6197183098591549,0.45883148092317744,0.45956536473777854
23,0.24210526315789474,1527,0.5704225352112676,0.45963598956281565,0.4532410175310023
23,0.2894736842105263,1776,0.528169014084507,0.27884062701192586,0.22217117052070534
23,0.33684210526315794,2023,0.5985915492957746,0.41897912302935747,0.38614982578397217
23,0.38421052631578945,2298,0.5669014084507042,0.44097235696308557,0.4381693550211525
23,0.43157894736842106,2579,0.5950704225352113,0.4845052470832835,0.46488103150338955
23,0.4789473684210527,2941,0.6267605633802817,0.5002999976337003,0.4481279499156293
23,0.5263157894736842,3175,0.647887323943662,0.5493413147651579,0.5472052248485495
23,0.5736842105263158,3453,0.6373239436619719,0.4988012621376228,0.48679804761032175
23,0.6210526315789474,3802,0.5845070422535211,0.41734687102778084,0.39994732914892683
23,0.6684210526315789,4035,0.5704225352112676,0.4732913674194219,0.46073116909280876
23,0.7157894736842105,4336,0.6549295774647887,0.5351291880962673,0.5324021476479104
23,0.7631578947368421,4593,0.647887323943662,0.5160652899487304,0.5072431237805826
23,0.8105263157894737,4880,0.647887323943662,0.5063681801292136,0.46451893114889875
23,0.8578947368421053,5184,0.676056338028169,0.5697559483942549,0.5516864155275871
23,0.9052631578947369,5505,0.5528169014084507,0.32983098919454124,0.1989210065514213
23,0.9526315789473684,5752,0.6795774647887324,0.5643105742909953,0.5510688836104514
23,1.0,6038,0.602112676056338,0.47493507178818595,0.4704936125719954
24,0.1,590,0.4823943661971831,0.2698460566346191,0.22617023823775895
24,0.1473684210526316,917,0.5211267605633803,0.3139413832941575,0.2824558381944392
24,0.19473684210526315,1215,0.5598591549295775,0.4003650484220521,0.38923274893299875
24,0.24210526315789474,1505,0.5915492957746479,0.4548681275842244,0.39144434222631086
24,0.2894736842105263,1755,0.6126760563380281,0.4358407253610323,0.43592668406331536
24,0.33684210526315794,2097,0.6514084507042254,0.4865409657568775,0.48052982353187734
24,0.38421052631578945,2299,0.5809859154929577,0.3807554222318685,0.37069213217273733
24,0.43157894736842106,2605,0.6338028169014085,0.47186136399806117,0.4676660545158162
24,0.4789473684210527,2893,0.6267605633802817,0.4432765287179256,0.41064417623963934
24,0.5263157894736842,3124,0.6161971830985915,0.478190774705787,0.4773879415713227
24,0.5736842105263158,3426,0.6443661971830986,0.5512149815383172,0.5437524019984628
24,0.6210526315789474,3749,0.6338028169014085,0.4195613506386884,0.3964806594800254
24,0.6684210526315789,4067,0.6373239436619719,0.5324012578850363,0.5324924236219182
24,0.7157894736842105,4317,0.6584507042253521,0.5403852749133152,0.5377746601702467
24,0.7631578947368421,4600,0.6514084507042254,0.5302541183926694,0.5192225627497381
24,0.8105263157894737,4882,0.6549295774647887,0.5004657612543405,0.49821964017991005
24,0.8578947368421053,5195,0.6690140845070423,0.5523616333811434,0.5509315650620771
24,0.9052631578947369,5444,0.6654929577464789,0.48912728874105715,0.489085425879338
24,0.9526315789473684,5750,0.6690140845070423,0.5721653896158531,0.5681550440266735
24,1.0,6038,0.6197183098591549,0.48197759092064874,0.4720036046860919
25,0.1,589,0.46830985915492956,0.2512882490722768,-0.009124087591241059
25,0.1473684210526316,892,0.5492957746478874,0.34292497007400413,0.30311123512646243
25,0.19473684210526315,1170,0.5105633802816901,0.28779489459124735,0.2153150341269794
25,0.24210526315789474,1484,0.6338028169014085,0.49541261685120275,0.4958397703056465
25,0.2894736842105263,1728,0.5774647887323944,0.42770995281270796,0.42248370324383056
25,0.33684210526315794,2010,0.5140845070422535,0.4185414494069755,0.3517937679806029
25,0.38421052631578945,2278,0.6267605633802817,0.47529537691659607,0.468495272253016
25,0.43157894736842106,2623,0.5950704225352113,0.39251151211860913,0.37213912085895207
25,0.4789473684210527,2939,0.6584507042253521,0.5634831900793094,0.5636665149248878
25,0.5263157894736842,3187,0.5950704225352113,0.43395474706796083,0.418938307030129
25,0.5736842105263158,3457,0.5845070422535211,0.4712344279007122,0.4292956096846805
25,0.6210526315789474,3698,0.6232394366197183,0.4998673388625496,0.4928589976629447
25,0.6684210526315789,4048,0.6302816901408451,0.4805261107069398,0.48077945607436146
25,0.7157894736842105,4337,0.6443661971830986,0.5303550937871746,0.5273366813736453
25,0.7631578947368421,4576,0.6654929577464789,0.5352150885444311,0.5357442829749133
25,0.8105263157894737,4903,0.6197183098591549,0.3767834859410963,0.3510178482765829
25,0.8578947368421053,5218,0.6901408450704225,0.5944396353803214,0.5812523946759067
25,0.9052631578947369,5486,0.6373239436619719,0.48484882815755526,0.47298213881980555
25,0.9526315789473684,5783,0.647887323943662,0.4878975441599373,0.488718046488141
25,1.0,6038,0.6654929577464789,0.5409063568229129,0.5392872824172441
26,0.1,618,0.5211267605633803,0.32659724361404546,0.32243644016546125
26,0.1473684210526316,892,0.5246478873239436,0.3647529259357403,0.3525528284551779
26,0.19473684210526315,1174,0.4823943661971831,0.07693945362057808,-0.06625510494823805
26,0.24210526315789474,1410,0.5633802816901409,0.3687133225700385,0.36854689306091415
26,0.2894736842105263,1758,0.5845070422535211,0.4115772361245052,0.4086909926883654
26,0.33684210526315794,1997,0.5845070422535211,0.4487148197841773,0.44923083022757915
26,0.38421052631578945,2286,0.6056338028169014,0.4809849268194667,0.4762841905433819
26,0.43157894736842106,2608,0.6161971830985915,0.4529119392985985,0.44620076542816145
26,0.4789473684210527,2928,0.5880281690140845,0.4357626889488314,0.41278681733446876
26,0.5263157894736842,3198,0.647887323943662,0.5352615758522592,0.5257858820897192
26,0.5736842105263158,3490,0.6267605633802817,0.461088084787956,0.4436612667454294
26,0.6210526315789474,3796,0.6267605633802817,0.4501661102901716,0.4323002770857104
26,0.6684210526315789,4010,0.6690140845070423,0.49420720972935805,0.4850487024044684
26,0.7157894736842105,4385,0.6267605633802817,0.45794976786471325,0.45441616169202104
26,0.7631578947368421,4630,0.6302816901408451,0.5284140560513767,0.5027178356415529
26,0.8105263157894737,4915,0.6514084507042254,0.5450270681890218,0.5395560681668392
26,0.8578947368421053,5220,0.6795774647887324,0.554525594353829,0.5483237590880531
26,0.9052631578947369,5419,0.6338028169014085,0.479549957356467,0.46946582968139294
26,0.9526315789473684,5736,0.6443661971830986,0.5187175752896406,0.49836034308297883
26,1.0,6038,0.6443661971830986,0.5420338918962452,0.5337056585246103
27,0.1,616,0.5563380281690141,0.3662995848792439,0.35890349003743816
27,0.1473684210526316,902,0.43309859154929575,0.280751612765433,0.0263884467037927
27,0.19473684210526315,1151,0.573943661971831,0.4054223112596544,0.39716812400635926
27,0.24210526315789474,1458,0.5563380281690141,0.43863292208890764,0.43701814500428315
27,0.2894736842105263,1689,0.5316901408450704,0.3380219319089077,0.3314688348928465
27,0.33684210526315794,2006,0.6302816901408451,0.4105188517178974,0.4061961058110636
27,0.38421052631578945,2326,0.5352112676056338,0.42184192502652046,0.2925010651896037
27,0.43157894736842106,2673,0.6267605633802817,0.4819912594439397,0.4824075727808538
27,0.4789473684210527,2895,0.6373239436619719,0.5096210398040286,0.5022109951902103
27,0.5263157894736842,3196,0.6091549295774648,0.40988271518186237,0.3626121837202302
27,0.5736842105263158,3440,0.6584507042253521,0.48066357689043865,0.48071013997951517
27,0.6210526315789474,3690,0.6197183098591549,0.4532249291225365,0.4531031730193573
27,0.6684210526315789,3971,0.6056338028169014,0.46744087511792237,0.45922411871082813
27,0.7157894736842105,4304,0.6232394366197183,0.5208302672124892,0.5120909357915402
27,0.7631578947368421,4648,0.6197183098591549,0.47647257689022254,0.4405277144035543
27,0.8105263157894737,4917,0.6549295774647887,0.5082188451028732,0.5083188357400236
27,0.8578947368421053,5189,0.6161971830985915,0.5120757737845212,0.507947382844615
27,0.9052631578947369,5484,0.6514084507042254,0.4797620153927437,0.4691583588195575
27,0.9526315789473684,5738,0.6408450704225352,0.5447854907919383,0.5440085783218658
27,1.0,6038,0.6338028169014085,0.5067516424359243,0.5007839637205711
28,0.1,592,0.5035211267605634,0.3603265863548475,0.30367807454844187
28,0.1473684210526316,876,0.4964788732394366,0.10425728126564947,0.011384615384615437
28,0.19473684210526315,1183,0.528169014084507,0.311088471023351,0.25744013859384984
28,0.24210526315789474,1430,0.5774647887323944,0.3575600990368871,0.2822428514694201
28,0.2894736842105263,1698,0.5422535211267606,0.4287317780396935,0.4209131011104109
28,0.33684210526315794,2004,0.6197183098591549,0.44497165482071266,0.44532608695652165
28,0.38421052631578945,2302,0.6443661971830986,0.5042033816374415,0.5025746652935119
28,0.43157894736842106,2561,0.528169014084507,0.3593720928154608,0.31760792375256963
28,0.4789473684210527,2886,0.5985915492957746,0.47712063823209927,0.4776220724433885
28,0.5263157894736842,3199,0.5950704225352113,0.4719760591776022,0.4700248019545421
28,0.5736842105263158,3496,0.6197183098591549,0.43940404671471617,0.40546775208281693
28,0.6210526315789474,3728,0.6267605633802817,0.47614613147162244,0.4417809734513274
28,0.6684210526315789,4065,0.6654929577464789,0.5592229878485175,0.5584112149532711
28,0.7157894736842105,4337,0.6443661971830986,0.5310032696182849,0.5291580723795237
28,0.7631578947368421,4606,0.5985915492957746,0.4718982349022851,0.46257002291887117
28,0.8105263157894737,4904,0.6725352112676056,0.5627881115483561,0.552069196021634
28,0.8578947368421053,5177,0.6232394366197183,0.5251149957186101,0.5246216251581106
28,0.9052631578947369,5448,0.6690140845070423,0.5575317633113214,0.5564361670560181
28,0.9526315789473684,5775,0.676056338028169,0.5482239193989152,0.5451211405780824
28,1.0,6038,0.6338028169014085,0.5227011826412021,0.47732855853551415
29,0.1,581,0.5598591549295775,0.3823693925976855,0.3229267913378173
29,0.1473684210526316,883,0.5387323943661971,0.3580076417403223,0.3380159686652606
29,0.19473684210526315,1177,0.5492957746478874,0.3679202829217088,0.2645105971330578
29,0.24210526315789474,1444,0.5563380281690141,0.44559611535728694,0.35208334363916083
29,0.2894736842105263,1768,0.5387323943661971,0.41325141762612366,0.3788748460925617
29,0.33684210526315794,2028,0.5669014084507042,0.39700177798700337,0.3923256671996065
29,0.38421052631578945,2314,0.5985915492957746,0.43043119322226747,0.3894764548238897
29,0.43157894736842106,2595,0.5915492957746479,0.42378905093392427,0.4058383233532935
29,0.4789473684210527,2840,0.5880281690140845,0.4203144737123151,0.39760363586282876
29,0.5263157894736842,3195,0.6232394366197183,0.45905318364858944,0.4492940823069992
29,0.5736842105263158,3521,0.6725352112676056,0.5624681925520456,0.5621534927926501
29,0.6210526315789474,3709,0.602112676056338,0.4403057613632311,0.421784807203879
29,0.6684210526315789,4050,0.6232394366197183,0.4975229014117754,0.475
29,0.7157894736842105,4315,0.6408450704225352,0.5366066951656076,0.5312423450640974
29,0.7631578947368421,4608,0.6408450704225352,0.5140743551467498,0.5078481012658228
29,0.8105263157894737,4926,0.6373239436619719,0.5219548144794,0.5202101700251889
29,0.8578947368421053,5120,0.6514084507042254,0.5290836944980315,0.5273319402454206
29,0.9052631578947369,5434,0.6302816901408451,0.5215161893424849,0.52223077563249
29,0.9526315789473684,5780,0.6302816901408451,0.49902793069920814,0.4357959445414944
29,1.0,6038,0.6091549295774648,0.49641945500013124,0.4471244572731461
30,0.1,621,0.5316901408450704,0.2941227245686497,0.2687832648146432
30,0.1473684210526316,938,0.43309859154929575,0.0925061906044655,0.00726378068068656
30,0.19473684210526315,1189,0.5985915492957746,0.5134623831079766,0.5109834435369469
30,0.24210526315789474,1450,0.5809859154929577,0.3890265466001049,0.38953970762544443
30,0.2894736842105263,1769,0.545774647887324,0.333476712986575,0.2361306220205882
30,0.33684210526315794,2049,0.5669014084507042,0.37301314306880295,0.37379661615270177
30,0.38421052631578945,2272,0.5528169014084507,0.394142378976559,0.36346707386499666
30,0.43157894736842106,2539,0.6197183098591549,0.4710001084123082,0.4458457341954578
30,0.4789473684210527,2895,0.602112676056338,0.33074469938482826,0.2514045176579772
30,0.5263157894736842,3161,0.6267605633802817,0.5305892567462898,0.5131889275074478
30,0.5736842105263158,3442,0.6514084507042254,0.5252203783365956,0.5062921115372654
30,0.6210526315789474,3778,0.6443661971830986,0.5151002978776299,0.5133192095300942
30,0.6684210526315789,4082,0.6302816901408451,0.5018166678203724,0.497603089855731
30,0.7157894736842105,4394,0.6197183098591549,0.4428495822864788,0.40004455252557136
30,0.7631578947368421,4649,0.6690140845070423,0.5491626508090993,0.5461545399201823
30,0.8105263157894737,4887,0.6619718309859155,0.5396533081696946,0.5350670214368192
30,0.8578947368421053,5173,0.6690140845070423,0.5669374858873591,0.5618350145087743
30,0.9052631578947369,5463,0.6302816901408451,0.4913372511484384,0.48504419368051144
30,0.9526315789473684,5742,0.6232394366197183,0.45699591701461684,0.42529671108803213
30,1.0,6038,0.6302816901408451,0.4707672753516446,0.41465932553337925
31,0.1,603,0.5070422535211268,0.2476330057697748,0.1791918429003021
31,0.1473684210526316,924,0.44014084507042256,0.11555599110270169,-0.18745935238277078
31,0.19473684210526315,1180,0.5492957746478874,0.3753721542238238,0.35948100794682103
31,0.24210526315789474,1481,0.5809859154929577,0.4001993777960555,0.3632354552426865
31,0.2894736842105263,1746,0.5176056338028169,0.30593159536983316,0.2794578910640174
31,0.33684210526315794,2042,0.5880281690140845,0.42153881976744956,0.40468243147947913
31,0.38421052631578945,2240,0.5246478873239436,0.32561628562161127,0.293228752833806
31,0.43157894736842106,2595,0.6197183098591549,0.5111734824338461,0.5097459436379164
31,0.4789473684210527,2842,0.5880281690140845,0.38159160157522765,0.34625887493173124
31,0.5263157894736842,3128,0.5915492957746479,0.4262834066823087,0.42602229262767377
31,0.5736842105263158,3459,0.5492957746478874,0.38052423348447206,0.3134866376631448
31,0.6210526315789474,3807,0.6654929577464789,0.5467346995543619,0.5166701081690678
31,0.6684210526315789,3949,0.6408450704225352,0.5358779575214895,0.534197209017022
31,0.7157894736842105,4389,0.6584507042253521,0.5124845522112157,0.511435535094414
31,0.7631578947368421,4640,0.6161971830985915,0.451613826113542,0.4197663282895997
31,0.8105263157894737,4945,0.6619718309859155,0.552515799198516,0.5343062926459439
31,0.8578947368421053,5162,0.5985915492957746,0.4453003576635838,0.4270949591541575
31,0.9052631578947369,5470,0.6549295774647887,0.5265339206337925,0.5144522910165872
31,0.9526315789473684,5735,0.647887323943662,0.5124099094843265,0.49573348075859913
31,1.0,6038,0.6866197183098591,0.5582463769937166,0.5588452088452088
32,0.1,652,0.45422535211267606,0.23853640370777474,0.012381284158466732
32,0.1473684210526316,840,0.528169014084507,0.3294829816786332,0.3204667254596024
32,0.19473684210526315,1188,0.4859154929577465,0.3260230167630487,0.14255584946312705
32,0.24210526315789474,1492,0.5704225352112676,0.47018626745228465,0.46312578419803063
32,0.2894736842105263,1758,0.6161971830985915,0.49478794408520893,0.45431960608773503
32,0.33684210526315794,2075,0.5950704225352113,0.37351370576049303,0.3399505511486556
32,0.38421052631578945,2357,0.5880281690140845,0.4928762671042683,0.4777851458885942
32,0.43157894736842106,2626,0.5598591549295775,0.4012978760357657,0.3680566041805984
32,0.4789473684210527,2874,0.6373239436619719,0.5026477963972752,0.49690578321832457
32,0.5263157894736842,3163,0.5915492957746479,0.4452070984733697,0.4333343679195506
32,0.5736842105263158,3443,0.5809859154929577,0.48803275853569217,0.4870139405336529
32,0.6210526315789474,3739,0.6514084507042254,0.5283103426791554,0.4976483199159958
32,0.6684210526315789,4010,0.6161971830985915,0.4657947439609212,0.4384116693679091
32,0.7157894736842105,4277,0.6373239436619719,0.4994508735691729,0.4845534874781172
32,0.7631578947368421,4616,0.676056338028169,0.5684497092404862,0.5589402619819553
32,0.8105263157894737,4849,0.6373239436619719,0.4837922471966811,0.4793077950577235
32,0.8578947368421053,5191,0.6232394366197183,0.44459930389393215,0.4030436447166921
32,0.9052631578947369,5495,0.6866197183098591,0.5630499755869626,0.5627217239935659
32,0.9526315789473684,5779,0.6866197183098591,0.6173419121418814,0.6103554502369668
32,1.0,6038,0.6654929577464789,0.5526664942639605,0.5511633185162224
33,0.1,623,0.4225352112676056,0.10400292727763656,-0.23991228858493452
33,0.1473684210526316,899,0.5,0.2688488514014445,0.2608039033457249
33,0.19473684210526315,1131,0.5316901408450704,0.34603250874393165,0.31447945961573853
33,0.24210526315789474,1507,0.573943661971831,0.4200864948904114,0.4171434588788655
33,0.2894736842105263,1775,0.5492957746478874,0.35377294739286946,0.30223780550685786
33,0.33684210526315794,2067,0.5492957746478874,0.37761218913422445,0.37174897720631217
33,0.38421052631578945,2303,0.5774647887323944,0.42793913422159013,0.4247548190733852
33,0.43157894736842106,2605,0.6161971830985915,0.49552150366317405,0.4845540788497682
33,0.4789473684210527,2896,0.5915492957746479,0.4118450725262654,0.3930212757482362
33,0.5263157894736842,3138,0.602112676056338,0.4949578854838462,0.4747449963195344
33,0.5736842105263158,3456,0.6373239436619719,0.470903088044208,0.4706955505886494
33,0.6210526315789474,3776,0.6443661971830986,0.48915810782596664,0.4754546886071963
33,0.6684210526315789,4065,0.6302816901408451,0.5100444552272047,0.4876270606674801
33,0.7157894736842105,4297,0.6232394366197183,0.3949619767524212,0.35545614865155495
33,0.7631578947368421,4627,0.6584507042253521,0.5644507222513463,0.5640751011405151
33,0.8105263157894737,4923,0.6232394366197183,0.5089676110802315,0.502092337580149
33,0.8578947368421053,5188,0.6584507042253521,0.5229244185029434,0.5135105740181269
33,0.9052631578947369,5492,0.6197183098591549,0.4947275744399336,0.458288739343124
33,0.9526315789473684,5728,0.6549295774647887,0.574414416578525,0.5664403831448934
33,1.0,6038,0.5669014084507042,0.44983310095617357,0.39423076923076916
34,0.1,585,0.4894366197183099,0.35404536778294193,0.22976378481905857
34,0.1473684210526316,922,0.5211267605633803,0.27048355953186476,0.2175914310527839
34,0.19473684210526315,1196,0.5176056338028169,0.4286065781897582,0.4108514662087255
34,0.24210526315789474,1480,0.5387323943661971,0.3579852008783077,0.34931021853253574
34,0.2894736842105263,1780,0.602112676056338,0.3777437119145112,0.36066010853686314
34,0.33684210526315794,1946,0.528169014084507,0.33941236444913864,0.276978574233807
34,0.38421052631578945,2400,0.5950704225352113,0.4798019152562235,0.4793338101958359
34,0.43157894736842106,2523,0.6338028169014085,0.49600423664263343,0.49381706340749787
34,0.4789473684210527,2910,0.6232394366197183,0.4670704632259135,0.45392335766423353
34,0.5263157894736842,3182,0.5915492957746479,0.4722110230883394,0.45871388079678765
34,0.5736842105263158,3501,0.5774647887323944,0.3841938281210621,0.34093241460196444
34,0.6210526315789474,3752,0.6373239436619719,0.5189306732224205,0.4877230638680211
34,0.6684210526315789,4029,0.6338028169014085,0.4910427656257928,0.47859698053719757
34,0.7157894736842105,4324,0.6514084507042254,0.5489860541934617,0.5251716181958014
34,0.7631578947368421,4614,0.6373239436619719,0.4708114491792834,0.46954840777170737
34,0.8105263157894737,4867,0.6056338028169014,0.5368536033769671,0.5323603002502084
34,0.8578947368421053,5178,0.647887323943662,0.4931035075368723,0.4811427396978728
34,0.9052631578947369,5457,0.6690140845070423,0.541097157955281,0.5390889978976875
34,0.9526315789473684,5764,0.5950704225352113,0.38399153298733757,0.33167539682120173
34,1.0,6038,0.6584507042253521,0.4828473148000244,0.4566206355071125
35,0.1,620,0.47183098591549294,0.24036004991299512,0.19562330214307266
35,0.1473684210526316,911,0.5387323943661971,0.29366797623454166,0.2303441641727232
35,0.19473684210526315,1126,0.5528169014084507,0.38132635064446185,0.3514288928892889
35,0.24210526315789474,1453,0.5633802816901409,0.4454195521966236,0.32763819095477387
35,0.2894736842105263,1739,0.5704225352112676,0.4388333176735472,0.43484579918787414
35,0.33684210526315794,2044,0.5528169014084507,0.3122062143702267,0.27964972514703235
35,0.38421052631578945,2304,0.6161971830985915,0.478850367641576,0.47352538359757657
35,0.43157894736842106,2647,0.6514084507042254,0.5412437472652724,0.5373849372384938
35,0.4789473684210527,2852,0.5633802816901409,0.3832144450815728,0.3658797500668596
35,0.5263157894736842,3145,0.647887323943662,0.5179373699437381,0.5090853891649988
35,0.5736842105263158,3470,0.6197183098591549,0.4852746128053855,0.48361700835846266
35,0.6210526315789474,3698,0.5845070422535211,0.3997926475618662,0.39046607339367845
35,0.6684210526315789,4009,0.5774647887323944,0.4496836332090383,0.4344158087923695
35,0.7157894736842105,4274,0.6161971830985915,0.45724371209284304,0.44805132576426265
35,0.7631578947368421,4649,0.5669014084507042,0.34228741269713586,0.3132530120481928
35,0.8105263157894737,4862,0.6338028169014085,0.4962920954257172,0.49006709829311357
35,0.8578947368421053,5162,0.6619718309859155,0.5617993367281537,0.5529989278281162
35,0.9052631578947369,5395,0.5985915492957746,0.32752363333615386,0.18775666125489443
35,0.9526315789473684,5740,0.6619718309859155,0.5518381557113767,0.5415918074020841
35,1.0,6038,0.6408450704225352,0.5094082945453497,0.4749459820969235
36,0.1,642,0.4788732394366197,0.33073033186651934,0.19875703507390807
36,0.1473684210526316,908,0.5845070422535211,0.4355430359135837,0.4270916631023004
36,0.19473684210526315,1120,0.5563380281690141,0.39153001975668245,0.38849996215848026
36,0.24210526315789474,1462,0.5316901408450704,0.4375605991761215,0.3192303565680771
36,0.2894736842105263,1812,0.6161971830985915,0.4905792920643415,0.47950583967439386
36,0.33684210526315794,2033,0.6091549295774648,0.4763595363887392,0.4750206220855523
36,0.38421052631578945,2318,0.5387323943661971,0.31616850827109333,0.26725078250972223
36,0.43157894736842106,2613,0.528169014084507,0.35670012446191723,0.3145321294084301
36,0.4789473684210527,2876,0.6197183098591549,0.38274218835387963,0.3181734089787863
36,0.5263157894736842,3219,0.5915492957746479,0.4687987613332006,0.44735366374706254
36,0.5736842105263158,3444,0.602112676056338,0.4557611983865877,0.4313457330415754
36,0.6210526315789474,3735,0.6197183098591549,0.4036556525207964,0.3575713143161823
36,0.6684210526315789,4052,0.6161971830985915,0.4806019863615389,0.4787154433302687
36,0.7157894736842105,4286,0.6232394366197183,0.5007049388543615,0.49837042448872426
36,0.7631578947368421,4608,0.6514084507042254,0.5030030322311827,0.4720014899428856
36,0.8105263157894737,4886,0.6338028169014085,0.46231461784370437,0.43331734228831853
36,0.8578947368421053,5182,0.6161971830985915,0.4692802780379316,0.4586515863689776
36,0.9052631578947369,5452,0.6549295774647887,0.5101195737543811,0.4925132676269901
36,0.9526315789473684,5742,0.6654929577464789,0.5302544347750405,0.517112731388634
36,1.0,6038,0.6549295774647887,0.4805422408497783,0.47228670287316055
37,0.1,614,0.5105633802816901,0.3053037443689533,0.24301278553052164
37,0.1473684210526316,895,0.5176056338028169,0.3064269898849233,0.25425427745363327
37,0.19473684210526315,1161,0.4823943661971831,0.13641507209898315,0.03434861332711869
37,0.24210526315789474,1494,0.602112676056338,0.44186023379374423,0.4244710320033005
37,0.2894736842105263,1728,0.5563380281690141,0.3633343173156837,0.34249947444443685
37,0.33684210526315794,1984,0.6091549295774648,0.5333927011437957,0.5169079102544971
37,0.38421052631578945,2386,0.6338028169014085,0.4564850579580489,0.4412667129515575
37,0.43157894736842106,2607,0.5598591549295775,0.42374804836373786,0.38489407430150446
37,0.4789473684210527,2895,0.6232394366197183,0.44133754444053497,0.38467264018545555
37,0.5263157894736842,3152,0.647887323943662,0.5206745415011886,0.5215090783894466
37,0.5736842105263158,3437,0.6619718309859155,0.5355814886193512,0.5246160037561205
37,0.6210526315789474,3717,0.6302816901408451,0.4875850685877411,0.4762931034482758
37,0.6684210526315789,4050,0.6267605633802817,0.4677322467039562,0.44879374652805337
37,0.7157894736842105,4310,0.5985915492957746,0.48010265803218527,0.476191378583374
37,0.7631578947368421,4600,0.6514084507042254,0.487519833839142,0.487009650612099
37,0.8105263157894737,4896,0.6443661971830986,0.5263105678580354,0.4955923978972907
37,0.8578947368421053,5206,0.6514084507042254,0.5214672891606372,0.5184726235558665
37,0.9052631578947369,5441,0.6619718309859155,0.5327215678727144,0.5232597119257888
37,0.9526315789473684,5751,0.6619718309859155,0.4850265815828589,0.4817427580388113
37,1.0,6038,0.6549295774647887,0.5101359381807747,0.4897245448953088
38,0.1,598,0.3908450704225352,0.01999318067135936,-0.2095835524049532
38,0.1473684210526316,941,0.5387323943661971,0.3484903826148164,0.33074293667742394
38,0.19473684210526315,1175,0.528169014084507,0.18660412336140947,0.08122187700878503
38,0.24210526315789474,1410,0.5422535211267606,0.33693438571244544,0.3178256397469065
38,0.2894736842105263,1704,0.5985915492957746,0.4315419002502041,0.43244445621375416
38,0.33684210526315794,2011,0.5774647887323944,0.40386207839105637,0.3700122804623692
38,0.38421052631578945,2281,0.5845070422535211,0.4364716442806222,0.41817010309278346
38,0.43157894736842106,2566,0.5492957746478874,0.40256467560851816,0.3639037253894116
38,0.4789473684210527,2873,0.6443661971830986,0.5160649993149805,0.5168852220536586
38,0.5263157894736842,3183,0.6690140845070423,0.5616365684848371,0.5530476296214055
38,0.5736842105263158,3473,0.6056338028169014,0.4503139741270399,0.447450373916912
38,0.6210526315789474,3726,0.6373239436619719,0.4714570425306878,0.44912899071375323
38,0.6684210526315789,4102,0.6619718309859155,0.5023413584210588,0.484799874360585
38,0.7157894736842105,4303,0.6549295774647887,0.560501438143739,0.554114165310986
38,0.7631578947368421,4592,0.5985915492957746,0.4315573132545052,0.34047044632086854
38,0.8105263157894737,4947,0.6830985915492958,0.5474014580927927,0.5400308468872687
38,0.8578947368421053,5199,0.6443661971830986,0.5084682379435127,0.45499213308774966
38,0.9052631578947369,5437,0.5845070422535211,0.37711411373953235,0.2810551259665752
38,0.9526315789473684,5748,0.6549295774647887,0.4663217498086192,0.41938858537719403
38,1.0,6038,0.6619718309859155,0.5410456544061817,0.5310325813723423
39,0.1,642,0.426056338028169,0.052346948415632026,0.04364891705287055
39,0.1473684210526316,884,0.5669014084507042,0.4082980030025431,0.40465439189383035
39,0.19473684210526315,1213,0.545774647887324,0.38024596477143596,0.37514387731611865
39,0.24210526315789474,1435,0.5880281690140845,0.3630880280852399,0.3427647266625453
39,0.2894736842105263,1771,0.5915492957746479,0.4715350578780854,0.4554140127388535
39,0.33684210526315794,2060,0.5352112676056338,0.33738657291099045,0.3092586146884788
39,0.38421052631578945,2330,0.5985915492957746,0.4499619913005967,0.44677343382006585
39,0.43157894736842106,2687,0.5774647887323944,0.36526010806835585,0.23447344734473463
39,0.4789473684210527,2850,0.6161971830985915,0.49190837122722036,0.49212190541969736
39,0.5263157894736842,3170,0.5950704225352113,0.40347661794020656,0.39993208636350774
39,0.5736842105263158,3487,0.647887323943662,0.5404693546270058,0.5370827949024336
39,0.6210526315789474,3741,0.6056338028169014,0.43896942093745694,0.4192044748290864
39,0.6684210526315789,4093,0.6161971830985915,0.4872066302382372,0.4769914806293142
39,0.7157894736842105,4339,0.676056338028169,0.5709822782428601,0.5705091699241968
39,0.7631578947368421,4657,0.6338028169014085,0.473013804121039,0.4478445968338134
39,0.8105263157894737,4872,0.5845070422535211,0.2530170896642553,0.13196288983257143
39,0.8578947368421053,5195,0.6901408450704225,0.5712952063274336,0.57131201488194
39,0.9052631578947369,5482,0.6619718309859155,0.4974408004929402,0.49077123215345175
39,0.9526315789473684,5763,0.6161971830985915,0.4713852442200316,0.45313920059352686
39,1.0,6038,0.6866197183098591,0.6058240404825903,0.6056859936476303
40,0.1,605,0.49295774647887325,0.2531344864319518,0.22308168316831678
40,0.1473684210526316,897,0.4084507042253521,0.19302858889585517,-0.11863234988280658
40,0.19473684210526315,1200,0.545774647887324,0.39534462083917493,0.3658413561700915
40,0.24210526315789474,1476,0.5387323943661971,0.27310200016954117,0.15088868603339944
40,0.2894736842105263,1765,0.5598591549295775,0.37273552339339666,0.33946802100370144
40,0.33684210526315794,2025,0.5563380281690141,0.36801232097466474,0.33965492451473767
40,0.38421052631578945,2295,0.6338028169014085,0.5007012035505588,0.5009981325262411
40,0.43157894736842106,2571,0.5915492957746479,0.42933860620418585,0.39229855918878154
40,0.4789473684210527,2836,0.6126760563380281,0.5053509954614961,0.4949689720650706
40,0.5263157894736842,3202,0.5845070422535211,0.36873023375020647,0.3468170829975826
40,0.5736842105263158,3543,0.6690140845070423,0.460044509355137,0.45215576499428556
40,0.6210526315789474,3765,0.5985915492957746,0.46174671857000965,0.4354718042469413
40,0.6684210526315789,4004,0.6126760563380281,0.43104104223231876,0.418068082129731
40,0.7157894736842105,4280,0.6690140845070423,0.5527639514613,0.5429716941629679
40,0.7631578947368421,4622,0.5950704225352113,0.4028219891686091,0.3919554662197482
40,0.8105263157894737,4830,0.6126760563380281,0.43514617865424154,0.41712598425196845
40,0.8578947368421053,5208,0.6373239436619719,0.47540692053227995,0.45370001885093103
40,0.9052631578947369,5485,0.6443661971830986,0.495766919275041,0.48191413110681913
40,0.9526315789473684,5753,0.647887323943662,0.5061254057151441,0.4913413887187482
40,1.0,6038,0.6302816901408451,0.5104434796432631,0.4951823200047485
41,0.1,606,0.5598591549295775,0.347279309091446,0.3442894007454842
41,0.1473684210526316,934,0.5845070422535211,0.42464319916120136,0.41034892873763984
41,0.19473684210526315,1204,0.5598591549295775,0.37859492121144717,0.3623489793738651
41,0.24210526315789474,1459,0.5105633802816901,0.420147724131355,0.4035998586310776
41,0.2894736842105263,1760,0.6338028169014085,0.5000264914707395,0.4961618061009798
41,0.33684210526315794,2012,0.5704225352112676,0.48586551183542126,0.4602878464818764
41,0.38421052631578945,2355,0.6091549295774648,0.5126130759257739,0.5031354294202097
41,0.43157894736842106,2575,0.6056338028169014,0.4300811176886094,0.41941946398361674
41,0.4789473684210527,2931,0.5809859154929577,0.4048273256889229,0.40551610154171946
41,0.5263157894736842,3158,0.6338028169014085,0.5338484032752542,0.5282887215462319
41,0.5736842105263158,3473,0.6267605633802817,0.5104537933278297,0.4978106402881993
41,0.6210526315789474,3791,0.647887323943662,0.5049365757430574,0.5034574528580853
41,0.6684210526315789,4091,0.6232394366197183,0.4553087944568723,0.4252209219011226
41,0.7157894736842105,4301,0.647887323943662,0.5140247321004546,0.5137522731029923
41,0.7631578947368421,4616,0.5704225352112676,0.4429035515392868,0.41038461538461546
41,0.8105263157894737,4894,0.6126760563380281,0.5009077445575982,0.4847462027781383
41,0.8578947368421053,5190,0.6408450704225352,0.49406461985434474,0.4880775997777572
41,0.9052631578947369,5451,0.6654929577464789,0.5329771491133457,0.5201081169628963
41,0.9526315789473684,5762,0.6795774647887324,0.5650745486517813,0.55949834530632
41,1.0,6038,0.6866197183098591,0.5778077864511063,0.5758327427356484
42,0.1,623,0.49295774647887325,0.366191205355954,0.3667063444203815
42,0.1473684210526316,873,0.5774647887323944,0.4146914514289787,0.4036321989528795
42,0.19473684210526315,1173,0.5774647887323944,0.3817921607590198,0.37656894875785474
42,0.24210526315789474,1437,0.528169014084507,0.3950530829581062,0.3098878398626729
42,0.2894736842105263,1739,0.5669014084507042,0.4881833307204409,0.4758627773212819
42,0.33684210526315794,1995,0.5985915492957746,0.41723104226655056,0.41779173435182515
42,0.38421052631578945,2346,0.5845070422535211,0.40463284797349414,0.3755310110450296
42,0.43157894736842106,2565,0.5352112676056338,0.31754348517793424,0.21257477922324564
42,0.4789473684210527,3004,0.6267605633802817,0.48680805382588715,0.4718185562158028
42,0.5263157894736842,3193,0.5985915492957746,0.46158853808628436,0.4420914531131066
42,0.5736842105263158,3496,0.6126760563380281,0.4841539252154302,0.450030616170757
42,0.6210526315789474,3711,0.6267605633802817,0.4746325172518333,0.4730938796680497
42,0.6684210526315789,4031,0.647887323943662,0.5041360494285896,0.5035275483399608
42,0.7157894736842105,4300,0.6267605633802817,0.5033109836784531,0.5013249571673328
42,0.7631578947368421,4608,0.6549295774647887,0.5199600569644703,0.5200064294899271
42,0.8105263157894737,4890,0.6725352112676056,0.5297277165769285,0.5113064736025574
42,0.8578947368421053,5195,0.6619718309859155,0.5461864961833727,0.5450168512277322
42,0.9052631578947369,5453,0.6267605633802817,0.5026477963972752,0.49690578321832457
42,0.9526315789473684,5763,0.6338028169014085,0.4258891285980484,0.351317266811049
42,1.0,6038,0.6443661971830986,0.4699108169394101,0.40491183879093207
43,0.1,622,0.5,0.2767454826920692,0.2706698930208864
43,0.1473684210526316,899,0.44014084507042256,0.25671958455610244,0.04126785677686462
43,0.19473684210526315,1185,0.5598591549295775,0.3182483050423474,0.30495293373092114
43,0.24210526315789474,1480,0.5422535211267606,0.3583022147201459,0.31747339077546877
43,0.2894736842105263,1758,0.573943661971831,0.3594806575542033,0.3116285219732666
43,0.33684210526315794,2039,0.5492957746478874,0.36331910786700095,0.3418511010524562
43,0.38421052631578945,2238,0.6126760563380281,0.4190997053839038,0.4093209085081051
43,0.43157894736842106,2594,0.6302816901408451,0.4764613766116285,0.4262166051992443
43,0.4789473684210527,2885,0.6056338028169014,0.4688025058796278,0.46571153846153845
43,0.5263157894736842,3183,0.6161971830985915,0.4433547195566539,0.3979587414405824
43,0.5736842105263158,3481,0.6197183098591549,0.44648224943243986,0.42363494107282573
43,0.6210526315789474,3743,0.6373239436619719,0.4677465281940246,0.434939051255691
43,0.6684210526315789,4022,0.5880281690140845,0.4299556981738757,0.40654067184074894
43,0.7157894736842105,4355,0.6302816901408451,0.4204700138009373,0.41983371261469304
43,0.7631578947368421,4657,0.6549295774647887,0.5080296221716794,0.5011918160327515
43,0.8105263157894737,4892,0.6549295774647887,0.5443580234722772,0.5434298912928313
43,0.8578947368421053,5222,0.6443661971830986,0.5076312875123178,0.4932618358851337
43,0.9052631578947369,5469,0.6654929577464789,0.5266574547391215,0.5224751133825398
43,0.9526315789473684,5764,0.6549295774647887,0.502845115725416,0.47860538827258314
43,1.0,6038,0.6232394366197183,0.44039933787859287,0.42889281600009654
44,0.1,611,0.5352112676056338,0.2855838796026036,0.2784936375100311
44,0.1473684210526316,900,0.5563380281690141,0.3788911176876218,0.3644622736121762
44,0.19473684210526315,1151,0.4894366197183099,0.30304443694183353,0.21203668012416055
44,0.24210526315789474,1499,0.5704225352112676,0.40340734916842175,0.40103467769104706
44,0.2894736842105263,1717,0.5387323943661971,0.4062460010056114,0.4019612970711297
44,0.33684210526315794,2049,0.5774647887323944,0.44049206398910407,0.4413172109568829
44,0.38421052631578945,2321,0.5492957746478874,0.3900911611851834,0.3555353489429416
44,0.43157894736842106,2526,0.6056338028169014,0.43233822885814094,0.43166564978645516
44,0.4789473684210527,2903,0.5985915492957746,0.4321402294727962,0.4249952367196671
44,0.5263157894736842,3130,0.6267605633802817,0.514651915711949,0.4957573196676608
44,0.5736842105263158,3455,0.6267605633802817,0.4734357746960275,0.45959721531576325
44,0.6210526315789474,3778,0.6161971830985915,0.44213250027425627,0.421802120354559
44,0.6684210526315789,4061,0.6690140845070423,0.5123419122657071,0.5121899094182051
44,0.7157894736842105,4336,0.6161971830985915,0.4939182378124737,0.49304388255069564
44,0.7631578947368421,4630,0.6302816901408451,0.5210919277646546,0.519733600544757
44,0.8105263157894737,4885,0.5845070422535211,0.37715344028255493,0.3459948984636071
44,0.8578947368421053,5184,0.6443661971830986,0.48993571830636007,0.4907544378698224
44,0.9052631578947369,5426,0.6232394366197183,0.47484174609823154,0.45589704490482696
44,0.9526315789473684,5743,0.6443661971830986,0.49987040261597193,0.49976162685561154
44,1.0,6038,0.6795774647887324,0.5622019592513363,0.5432269057568259
45,0.1,581,0.4647887323943662,0.2027267108617949,0.13821567343097163
45,0.1473684210526316,877,0.5211267605633803,0.25891512469303624,0.25427753987695634
45,0.19473684210526315,1141,0.6302816901408451,0.4917330531730108,0.49260284582415337
45,0.24210526315789474,1424,0.5316901408450704,0.3775519767481229,0.35425120588010106
45,0.2894736842105263,1683,0.4894366197183099,0.28731120842979335,0.2279006431290196
45,0.33684210526315794,2069,0.5352112676056338,0.35879686123946447,0.29012064648304126
45,0.38421052631578945,2264,0.5915492957746479,0.36462621528984046,0.3374946190271201
45,0.43157894736842106,2576,0.5985915492957746,0.49695557005456115,0.47680617894329136
45,0.4789473684210527,2941,0.6091549295774648,0.4476083731701064,0.42538489886168207
45,0.5263157894736842,3221,0.5880281690140845,0.4330804252534079,0.3891881304475565
45,0.5736842105263158,3499,0.602112676056338,0.4845437342863199,0.480035948131981
45,0.6210526315789474,3834,0.6302816901408451,0.4918044003197408,0.4755549682875264
45,0.6684210526315789,4034,0.6302816901408451,0.5333325180629812,0.5283891481190899
45,0.7157894736842105,4337,0.6514084507042254,0.4972042374058416,0.48046425298968587
45,0.7631578947368421,4589,0.6514084507042254,0.5640838126838303,0.547503230219655
45,0.8105263157894737,4854,0.647887323943662,0.5035891407642595,0.4979415823367065
45,0.8578947368421053,5189,0.6584507042253521,0.5373235062899815,0.5296167247386759
45,0.9052631578947369,5452,0.6549295774647887,0.5029812979392615,0.5037173572781943
45,0.9526315789473684,5749,0.6830985915492958,0.6044111793750208,0.5995187862848349
45,1.0,6038,0.6338028169014085,0.5035208018174876,0.48749427917620136
46,0.1,640,0.5316901408450704,0.24855113156442019,0.22284479922805323
46,0.1473684210526316,878,0.5140845070422535,0.31555762863429415,0.3054839615178503
46,0.19473684210526315,1175,0.5633802816901409,0.2841919615902197,0.2805270863836018
46,0.24210526315789474,1427,0.5880281690140845,0.4274736945912703,0.422965088103592
46,0.2894736842105263,1765,0.6197183098591549,0.5148986361373487,0.49686606476329986
46,0.33684210526315794,1992,0.5492957746478874,0.365038587202583,0.34378183582244715
46,0.38421052631578945,2345,0.5915492957746479,0.48530618670285325,0.48481450693061656
46,0.43157894736842106,2583,0.602112676056338,0.4658330182390787,0.44734868008103734
46,0.4789473684210527,2885,0.5985915492957746,0.3339619660364778,0.3284873242821098
46,0.5263157894736842,3130,0.6161971830985915,0.4512060407048096,0.42366589327146165
46,0.5736842105263158,3487,0.6056338028169014,0.3946626944920997,0.3775867315885575
46,0.6210526315789474,3766,0.6549295774647887,0.5819658884733714,0.5826740852450242
46,0.6684210526315789,4055,0.6725352112676056,0.5255723105630276,0.5256161298985684
46,0.7157894736842105,4317,0.6373239436619719,0.482217884768489,0.43713943739470296
46,0.7631578947368421,4618,0.6830985915492958,0.5535908409949178,0.5497643143151598
46,0.8105263157894737,4867,0.6338028169014085,0.49330648457112775,0.47655893101873004
46,0.8578947368421053,5161,0.5985915492957746,0.4195182189584351,0.3978246539222149
46,0.9052631578947369,5419,0.6725352112676056,0.5665028341806482,0.5640245398773007
46,0.9526315789473684,5745,0.6866197183098591,0.5643059394313104,0.5551545582927977
46,1.0,6038,0.676056338028169,0.5395516331660013,0.5382942173835445
47,0.1,637,0.39436619718309857,0.27752539690472305,0.07944687905619885
47,0.1473684210526316,896,0.4823943661971831,0.17914454753981904,0.014736016043946587
47,0.19473684210526315,1184,0.5176056338028169,0.3402803205413251,0.3031060558715081
47,0.24210526315789474,1458,0.5598591549295775,0.3738486786767442,0.3028882220555139
47,0.2894736842105263,1744,0.5422535211267606,0.34235814978601325,0.2767280554891174
47,0.33684210526315794,2012,0.6197183098591549,0.524293596663677,0.5237844979592237
47,0.38421052631578945,2270,0.5950704225352113,0.38791076606456565,0.38712340074288065
47,0.43157894736842106,2641,0.6161971830985915,0.45214850553547836,0.44668120249599896
47,0.4789473684210527,2901,0.6197183098591549,0.4547180519894967,0.433104256688425
47,0.5263157894736842,3237,0.5774647887323944,0.4644389229410385,0.44119579500657036
47,0.5736842105263158,3538,0.5633802816901409,0.4087113018171835,0.40667339916559664
47,0.6210526315789474,3746,0.6338028169014085,0.5349533201358875,0.5308390080945651
47,0.6684210526315789,4102,0.6302816901408451,0.48836898596259853,0.47982999455775255
47,0.7157894736842105,4275,0.6830985915492958,0.5825498245461815,0.5809129085065727
47,0.7631578947368421,4604,0.6514084507042254,0.49701292667119495,0.493041145806974
47,0.8105263157894737,4929,0.6584507042253521,0.514472405687304,0.5136354521756568
47,0.8578947368421053,5157,0.6690140845070423,0.5449308921276458,0.544017570423121
47,0.9052631578947369,5492,0.6619718309859155,0.5807905738264024,0.5696147211040827
47,0.9526315789473684,5781,0.6267605633802817,0.4218539032594879,0.41194909921458034
47,1.0,6038,0.6725352112676056,0.5347175086757799,0.5194077582942092
48,0.1,585,0.4507042253521127,0.16874323088673973,0.11104764219737495
48,0.1473684210526316,893,0.5211267605633803,0.41335892752851994,0.38324780306825723
48,0.19473684210526315,1177,0.5492957746478874,0.4137355508555987,0.41260095353289894
48,0.24210526315789474,1485,0.5387323943661971,0.31361795240694473,0.24716075762534961
48,0.2894736842105263,1711,0.5633802816901409,0.4448494482513112,0.3856867071152785
48,0.33684210526315794,2022,0.573943661971831,0.35386939160705305,0.3440196354042774
48,0.38421052631578945,2264,0.5985915492957746,0.4694339136494123,0.44692279679533875
48,0.43157894736842106,2633,0.6338028169014085,0.4660795712639581,0.46564427690198773
48,0.4789473684210527,2902,0.5880281690140845,0.42742624250880523,0.40716559399614305
48,0.5263157894736842,3198,0.5915492957746479,0.4668664493210671,0.4354783875667799
48,0.5736842105263158,3497,0.6302816901408451,0.46255625817725043,0.45175014503964417
48,0.6210526315789474,3712,0.6725352112676056,0.5251035977655393,0.520544942060758
48,0.6684210526315789,4062,0.6549295774647887,0.5778227630511296,0.5401566410232644
48,0.7157894736842105,4362,0.5809859154929577,0.44148455626201344,0.40608121156085597
48,0.7631578947368421,4536,0.6091549295774648,0.4924341514043321,0.4783612774825857
48,0.8105263157894737,4923,0.6373239436619719,0.5276049689672065,0.5077356797253005
48,0.8578947368421053,5199,0.6197183098591549,0.5289317274933591,0.5050000000000001
48,0.9052631578947369,5467,0.6584507042253521,0.4959783478689253,0.490726483762598
48,0.9526315789473684,5740,0.6232394366197183,0.48657912237574164,0.4846185775008275
48,1.0,6038,0.5950704225352113,0.4534126974677788,0.37644569302054076
49,0.1,615,0.4859154929577465,0.2851087539156702,0.28589778970872326
49,0.1473684210526316,882,0.5528169014084507,0.36037823457213836,0.29946536076916175
49,0.19473684210526315,1176,0.5352112676056338,0.3482491922813417,0.3326523986038583
49,0.24210526315789474,1435,0.5387323943661971,0.39487526018848,0.3407821494160692
49,0.2894736842105263,1704,0.602112676056338,0.42976427977930526,0.4248891584406892
49,0.33684210526315794,2041,0.5880281690140845,0.46064640683850955,0.4555335464148038
49,0.38421052631578945,2322,0.573943661971831,0.3941778930874536,0.3892022051834485
49,0.43157894736842106,2576,0.5950704225352113,0.43971084748528605,0.42528504766753694
49,0.4789473684210527,2861,0.5880281690140845,0.4104321427658024,0.3988543276559606
49,0.5263157894736842,3168,0.6056338028169014,0.4416169482246382,0.4405761174049927
49,0.5736842105263158,3418,0.6232394366197183,0.5009638989208994,0.49549305582420977
49,0.6210526315789474,3783,0.5950704225352113,0.4597651640549369,0.4466862700746437
49,0.6684210526315789,4050,0.647887323943662,0.5482291094378169,0.5364384181927953
49,0.7157894736842105,4365,0.5950704225352113,0.38668529552570113,0.3344868060158973
49,0.7631578947368421,4608,0.6373239436619719,0.5249337024229469,0.513448205063411
49,0.8105263157894737,4890,0.6549295774647887,0.5577502723362849,0.55550787083927
49,0.8578947368421053,5228,0.6654929577464789,0.5351489910117302,0.5097207888203956
49,0.9052631578947369,5417,0.6443661971830986,0.5027910453805172,0.49812489809228766
49,0.9526315789473684,5792,0.6514084507042254,0.5338814053363632,0.5274562459486989
49,1.0,6038,0.647887323943662,0.5710769507796455,0.5595300697963477
