id,variable,value
10367,boukes,0.0
11191,boukes,0.0
12363,boukes,0.0
12367,boukes,0.0
12501,boukes,0.0
12681,boukes,0.0
13105,boukes,-1.0
15261,boukes,0.0
18751,boukes,0.0
21653,boukes,0.0
21973,boukes,0.0
23549,boukes,0.0
23939,boukes,0.0
26193,boukes,0.0
26615,boukes,0.0
26857,boukes,0.0
26983,boukes,1.0
27069,boukes,0.0
29203,boukes,1.0
30591,boukes,0.0
30629,boukes,0.0
31705,boukes,0.0
33235,boukes,0.0
34959,boukes,0.0
36311,boukes,0.0
40877,boukes,0.0
41249,boukes,1.0
42729,boukes,0.0
43589,boukes,0.0
148571717,boukes,0.0
148571718,boukes,0.0
148571724,boukes,0.0
150280829,boukes,0.0
150281029,boukes,0.0
150281053,boukes,0.0
150281163,boukes,0.0
150281620,boukes,0.0
150281726,boukes,0.0
150281956,boukes,0.0
150282114,boukes,0.0
150282115,boukes,0.0
150282116,boukes,0.0
150282117,boukes,0.0
150282118,boukes,0.0
150282124,boukes,0.0
150282126,boukes,0.0
150282229,boukes,0.0
150282410,boukes,0.0
150282475,boukes,0.0
150284544,boukes,0.0
150284790,boukes,0.0
150285229,boukes,0.0
150285231,boukes,0.0
150285232,boukes,0.0
150285254,boukes,1.0
150285303,boukes,0.0
150285706,boukes,0.0
150285949,boukes,0.0
150285997,boukes,0.0
150286193,boukes,0.0
150286207,boukes,0.0
150286325,boukes,0.0
150286328,boukes,0.0
150286710,boukes,0.0
150286729,boukes,-1.0
150286991,boukes,0.0
150287149,boukes,0.0
150287150,boukes,0.0
150287152,boukes,0.0
150287153,boukes,0.0
150287154,boukes,0.0
150287155,boukes,0.0
150287158,boukes,0.0
150287160,boukes,0.0
150287733,boukes,0.0
150289181,boukes,0.0
150289763,boukes,0.0
150290047,boukes,0.0
150290282,boukes,0.0
150290740,boukes,0.0
150290814,boukes,0.0
150290877,boukes,0.0
150291001,boukes,0.0
150291466,boukes,0.0
150291742,boukes,0.0
150291782,boukes,0.0
150291802,boukes,0.0
150292190,boukes,0.0
150292612,boukes,0.0
150292974,boukes,0.0
163416476,boukes,0.0
163464790,boukes,0.0
163500076,boukes,0.0
164107322,boukes,0.0
164107571,boukes,0.0
164107572,boukes,0.0
164107832,boukes,0.0
18231,boukes,0.0
150282119,boukes,0.0
34831,boukes,0.0
148572031,boukes,0.0
148572094,boukes,0.0
150281308,boukes,0.0
150281905,boukes,0.0
150284144,boukes,0.0
150285296,boukes,0.0
150285763,boukes,0.0
150285942,boukes,0.0
150286406,boukes,0.0
150286851,boukes,0.0
150290165,boukes,0.0
150290224,boukes,0.0
150292226,boukes,0.0
150292328,boukes,0.0
150761781,boukes,0.0
10273,boukes,0.0
10881,boukes,0.0
13997,boukes,0.0
16609,boukes,1.0
18167,boukes,0.0
18267,boukes,0.0
18463,boukes,0.0
20671,boukes,0.0
26049,boukes,0.0
28489,boukes,0.0
28877,boukes,0.0
33171,boukes,0.0
35149,boukes,0.0
42713,boukes,0.0
43269,boukes,0.0
148571931,boukes,0.0
150277973,boukes,0.0
150280548,boukes,0.0
150280743,boukes,0.0
150280865,boukes,0.0
150281185,boukes,0.0
150281436,boukes,0.0
150281689,boukes,0.0
150281780,boukes,0.0
150282064,boukes,0.0
150282473,boukes,0.0
150284361,boukes,0.0
150285134,boukes,0.0
150285160,boukes,0.0
150285233,boukes,0.0
150285236,boukes,0.0
150285322,boukes,0.0
150285464,boukes,0.0
150285689,boukes,0.0
150286068,boukes,0.0
150286742,boukes,0.0
150286797,boukes,0.0
150286853,boukes,0.0
150287028,boukes,0.0
150287132,boukes,0.0
150287330,boukes,0.0
150287744,boukes,0.0
150287941,boukes,0.0
150288147,boukes,0.0
150288212,boukes,0.0
150289787,boukes,0.0
150289890,boukes,0.0
150290120,boukes,0.0
150290181,boukes,0.0
150291453,boukes,1.0
150291524,boukes,0.0
150291795,boukes,0.0
150292252,boukes,0.0
150292674,boukes,0.0
150292968,boukes,0.0
150759520,boukes,0.0
150759764,boukes,0.0
150760005,boukes,0.0
150761251,boukes,0.0
150761497,boukes,0.0
150761515,boukes,0.0
163450725,boukes,0.0
163464792,boukes,0.0
163464805,boukes,0.0
163500016,boukes,0.0
163500101,boukes,0.0
164107492,boukes,0.0
164107570,boukes,0.0
164107833,boukes,0.0
11745,boukes,0.0
12255,boukes,-1.0
12727,boukes,0.0
13623,boukes,0.0
13921,boukes,0.0
14315,boukes,0.0
15479,boukes,0.0
16435,boukes,0.0
17355,boukes,1.0
17403,boukes,0.0
17825,boukes,0.0
18203,boukes,0.0
20099,boukes,0.0
24207,boukes,0.0
25057,boukes,0.0
25859,boukes,0.0
27865,boukes,0.0
30387,boukes,0.0
31787,boukes,0.0
33737,boukes,0.0
33933,boukes,0.0
35327,boukes,0.0
36159,boukes,0.0
39853,boukes,0.0
40067,boukes,0.0
41177,boukes,0.0
43227,boukes,0.0
43757,boukes,0.0
148571779,boukes,0.0
148571912,boukes,0.0
148572055,boukes,0.0
148572080,boukes,0.0
148572304,boukes,0.0
148572309,boukes,0.0
148572371,boukes,0.0
148572607,boukes,0.0
148572626,boukes,0.0
150280542,boukes,0.0
150280818,boukes,0.0
150280838,boukes,0.0
150281364,boukes,0.0
150281391,boukes,0.0
150281393,boukes,0.0
150281460,boukes,0.0
150281528,boukes,0.0
150281546,boukes,0.0
150281721,boukes,0.0
150281749,boukes,0.0
150281763,boukes,0.0
150281902,boukes,0.0
150282123,boukes,0.0
150284575,boukes,0.0
150284678,boukes,0.0
150284858,boukes,0.0
150285106,boukes,0.0
150285235,boukes,0.0
150285237,boukes,0.0
150285424,boukes,0.0
150285703,boukes,0.0
150285805,boukes,0.0
150285850,boukes,0.0
150285890,boukes,0.0
150286491,boukes,0.0
150286500,boukes,0.0
150286649,boukes,0.0
150286741,boukes,0.0
150287082,boukes,0.0
150287157,boukes,0.0
150287297,boukes,0.0
150287309,boukes,1.0
150287797,boukes,0.0
150287829,boukes,0.0
150288030,boukes,0.0
150288219,boukes,0.0
150289411,boukes,0.0
150289675,boukes,0.0
150289762,boukes,0.0
150290043,boukes,0.0
150290155,boukes,0.0
150290321,boukes,0.0
150290550,boukes,0.0
150290677,boukes,0.0
150290689,boukes,0.0
150290728,boukes,0.0
150291467,boukes,0.0
150291745,boukes,0.0
150292079,boukes,0.0
150292152,boukes,0.0
150292287,boukes,0.0
150292485,boukes,0.0
150292504,boukes,0.0
150292655,boukes,0.0
150292763,boukes,0.0
150292964,boukes,0.0
150292985,boukes,0.0
150293151,boukes,0.0
150759335,boukes,0.0
150759487,boukes,1.0
150759578,boukes,0.0
150759827,boukes,0.0
150760402,boukes,0.0
150760433,boukes,0.0
150760834,boukes,0.0
150760841,boukes,0.0
150760842,boukes,0.0
150761558,boukes,0.0
150761686,boukes,-1.0
150761828,boukes,0.0
150762167,boukes,0.0
163464814,boukes,0.0
163500024,boukes,0.0
164107285,boukes,0.0
164107366,boukes,-1.0
164107712,boukes,0.0
164107913,boukes,0.0
164107914,boukes,0.0
10367,recessie,-0.0
11191,recessie,-0.0
12363,recessie,-0.0
12367,recessie,-0.0
12501,recessie,-0.0
12681,recessie,-0.0
13105,recessie,-0.0
15261,recessie,-0.0
18751,recessie,-0.0
21653,recessie,-0.0
21973,recessie,-0.0
23549,recessie,-0.0
23939,recessie,-0.0
26193,recessie,-0.0
26615,recessie,-0.0
26857,recessie,-0.0
26983,recessie,-0.0
27069,recessie,-0.0
29203,recessie,-0.0
30591,recessie,-0.0
30629,recessie,-0.0
31705,recessie,-0.0
33235,recessie,-0.0
34959,recessie,-0.0
36311,recessie,-0.0
40877,recessie,-0.0
41249,recessie,-0.0
42729,recessie,-0.0
43589,recessie,-0.0
148571717,recessie,-0.0
148571718,recessie,-0.0
148571724,recessie,-0.0
150280829,recessie,-0.0
150281029,recessie,-0.0
150281053,recessie,-0.0
150281163,recessie,-0.0
150281620,recessie,-0.0
150281726,recessie,-0.0
150281956,recessie,-0.0
150282114,recessie,-0.0
150282115,recessie,-0.0
150282116,recessie,-0.0
150282117,recessie,-0.0
150282118,recessie,-0.0
150282124,recessie,-0.0
150282126,recessie,-0.0
150282229,recessie,-0.0
150282410,recessie,-0.0
150282475,recessie,-0.0
150284544,recessie,-0.0
150284790,recessie,-0.0
150285229,recessie,-0.0
150285231,recessie,-0.0
150285232,recessie,-0.0
150285254,recessie,-0.0
150285303,recessie,-0.0
150285706,recessie,-0.0
150285949,recessie,-0.0
150285997,recessie,-0.0
150286193,recessie,-0.0
150286207,recessie,-0.0
150286325,recessie,-0.0
150286328,recessie,-0.0
150286710,recessie,-0.0
150286729,recessie,-0.0
150286991,recessie,-0.0
150287149,recessie,-0.0
150287150,recessie,-0.0
150287152,recessie,-0.0
150287153,recessie,-0.0
150287154,recessie,-0.0
150287155,recessie,-0.0
150287158,recessie,-0.0
150287160,recessie,-0.0
150287733,recessie,-0.0
150289181,recessie,-0.0
150289763,recessie,-0.0
150290047,recessie,-0.0
150290282,recessie,-0.0
150290740,recessie,-0.0
150290814,recessie,-0.0
150290877,recessie,-0.0
150291001,recessie,-0.0
150291466,recessie,-0.0
150291742,recessie,-0.0
150291782,recessie,-0.0
150291802,recessie,-0.0
150292190,recessie,-0.0
150292612,recessie,-0.0
150292974,recessie,-0.0
163416476,recessie,-0.0
163464790,recessie,-0.0
163500076,recessie,-0.0
164107322,recessie,-0.0
164107571,recessie,-0.0
164107572,recessie,-0.0
164107832,recessie,-0.0
18231,recessie,-0.0
150282119,recessie,-0.0
34831,recessie,-0.0
148572031,recessie,-0.0
148572094,recessie,-0.0
150281308,recessie,-0.0
150281905,recessie,-0.0
150284144,recessie,-0.0
150285296,recessie,-0.0
150285763,recessie,-0.0
150285942,recessie,-0.0
150286406,recessie,-0.0
150286851,recessie,-0.0
150290165,recessie,-0.0
150290224,recessie,-0.0
150292226,recessie,-0.0
150292328,recessie,-0.0
150761781,recessie,-0.0
10273,recessie,-0.0
10881,recessie,-0.0
13997,recessie,-0.0
16609,recessie,-0.0
18167,recessie,-0.0
18267,recessie,-0.0
18463,recessie,-0.0
20671,recessie,-0.0
26049,recessie,-0.0
28489,recessie,-0.0
28877,recessie,-0.0
33171,recessie,-0.0
35149,recessie,-0.0
42713,recessie,-0.0
43269,recessie,-0.0
148571931,recessie,-0.0
150277973,recessie,-0.0
150280548,recessie,-0.0
150280743,recessie,-0.0
150280865,recessie,-0.0
150281185,recessie,-0.0
150281436,recessie,-0.0
150281689,recessie,-0.0
150281780,recessie,-0.0
150282064,recessie,-0.0
150282473,recessie,-0.0
150284361,recessie,-0.0
150285134,recessie,-0.0
150285160,recessie,-0.0
150285233,recessie,-0.0
150285236,recessie,-0.0
150285322,recessie,-0.0
150285464,recessie,-0.0
150285689,recessie,-0.0
150286068,recessie,-0.0
150286742,recessie,-0.0
150286797,recessie,-0.0
150286853,recessie,-0.0
150287028,recessie,-0.0
150287132,recessie,-0.0
150287330,recessie,-0.0
150287744,recessie,-0.0
150287941,recessie,-0.0
150288147,recessie,-0.0
150288212,recessie,-0.0
150289787,recessie,-0.0
150289890,recessie,-0.0
150290120,recessie,-0.0
150290181,recessie,-0.0
150291453,recessie,-0.0
150291524,recessie,-0.0
150291795,recessie,-0.0
150292252,recessie,-0.0
150292674,recessie,-0.0
150292968,recessie,-0.0
150759520,recessie,-0.0
150759764,recessie,-0.0
150760005,recessie,-0.0
150761251,recessie,-0.0
150761497,recessie,-0.0
150761515,recessie,-0.0
163450725,recessie,-0.0
163464792,recessie,-0.0
163464805,recessie,-0.0
163500016,recessie,-0.0
163500101,recessie,-0.0
164107492,recessie,-0.0
164107570,recessie,-0.0
164107833,recessie,-0.0
11745,recessie,-0.0
12255,recessie,-0.0
12727,recessie,-0.0
13623,recessie,-0.0
13921,recessie,-0.0
14315,recessie,-0.0
15479,recessie,-0.0
16435,recessie,-0.0
17355,recessie,-0.0
17403,recessie,-0.0
17825,recessie,-0.0
18203,recessie,-0.0
20099,recessie,-0.0
24207,recessie,-0.0
25057,recessie,-0.0
25859,recessie,-0.0
27865,recessie,-0.0
30387,recessie,-0.0
31787,recessie,-0.0
33737,recessie,-0.0
33933,recessie,-0.0
35327,recessie,-0.0
36159,recessie,-0.0
39853,recessie,-0.0
40067,recessie,-0.0
41177,recessie,-0.0
43227,recessie,-0.0
43757,recessie,-0.0
148571779,recessie,-0.0
148571912,recessie,-0.0
148572055,recessie,-0.0
148572080,recessie,-0.0
148572304,recessie,-0.0
148572309,recessie,-0.0
148572371,recessie,-0.0
148572607,recessie,-0.0
148572626,recessie,-0.0
150280542,recessie,-0.0
150280818,recessie,-0.0
150280838,recessie,-0.0
150281364,recessie,-0.0
150281391,recessie,-0.0
150281393,recessie,-0.0
150281460,recessie,-0.0
150281528,recessie,-0.0
150281546,recessie,-0.0
150281721,recessie,-0.0
150281749,recessie,-0.0
150281763,recessie,-0.0
150281902,recessie,-0.0
150282123,recessie,-0.0
150284575,recessie,-0.0
150284678,recessie,-0.0
150284858,recessie,-0.0
150285106,recessie,-0.0
150285235,recessie,-0.0
150285237,recessie,-0.0
150285424,recessie,-0.0
150285703,recessie,-0.0
150285805,recessie,-0.0
150285850,recessie,-0.0
150285890,recessie,-0.0
150286491,recessie,-0.0
150286500,recessie,-0.0
150286649,recessie,-0.0
150286741,recessie,-0.0
150287082,recessie,-0.0
150287157,recessie,-0.0
150287297,recessie,-0.0
150287309,recessie,-0.0
150287797,recessie,-0.0
150287829,recessie,-0.0
150288030,recessie,-0.0
150288219,recessie,-0.0
150289411,recessie,-0.0
150289675,recessie,-0.0
150289762,recessie,-0.0
150290043,recessie,-0.0
150290155,recessie,-0.0
150290321,recessie,-0.0
150290550,recessie,-0.0
150290677,recessie,-0.0
150290689,recessie,-0.0
150290728,recessie,-0.0
150291467,recessie,-0.0
150291745,recessie,-0.0
150292079,recessie,-0.0
150292152,recessie,-0.0
150292287,recessie,-0.0
150292485,recessie,-0.0
150292504,recessie,-0.0
150292655,recessie,-0.0
150292763,recessie,-0.0
150292964,recessie,-0.0
150292985,recessie,-0.0
150293151,recessie,-0.0
150759335,recessie,-0.0
150759487,recessie,-0.0
150759578,recessie,-0.0
150759827,recessie,-0.0
150760402,recessie,-0.0
150760433,recessie,-0.0
150760834,recessie,-0.0
150760841,recessie,-0.0
150760842,recessie,-0.0
150761558,recessie,-0.0
150761686,recessie,-0.0
150761828,recessie,-0.0
150762167,recessie,-0.0
163464814,recessie,-0.0
163500024,recessie,-0.0
164107285,recessie,-0.0
164107366,recessie,-0.0
164107712,recessie,-0.0
164107913,recessie,-0.0
164107914,recessie,-0.0
10367,polyglot,0.0
11191,polyglot,-1.0
12363,polyglot,0.0
12367,polyglot,0.0
12501,polyglot,1.0
12681,polyglot,0.0
13105,polyglot,-1.0
15261,polyglot,0.0
18751,polyglot,-1.0
21653,polyglot,0.0
21973,polyglot,0.0
23549,polyglot,-1.0
23939,polyglot,-1.0
26193,polyglot,0.0
26615,polyglot,1.0
26857,polyglot,-1.0
26983,polyglot,0.0
27069,polyglot,-1.0
29203,polyglot,0.0
30591,polyglot,0.0
30629,polyglot,0.0
31705,polyglot,0.0
33235,polyglot,0.0
34959,polyglot,1.0
36311,polyglot,-1.0
40877,polyglot,0.0
41249,polyglot,1.0
42729,polyglot,-1.0
43589,polyglot,-1.0
148571717,polyglot,0.3333333333333333
148571718,polyglot,0.0
148571724,polyglot,-1.0
150280829,polyglot,1.0
150281029,polyglot,1.0
150281053,polyglot,1.0
150281163,polyglot,0.0
150281620,polyglot,1.0
150281726,polyglot,-0.3333333333333333
150281956,polyglot,1.0
150282114,polyglot,0.0
150282115,polyglot,-0.3333333333333333
150282116,polyglot,-1.0
150282117,polyglot,-1.0
150282118,polyglot,0.0
150282124,polyglot,0.0
150282126,polyglot,0.0
150282229,polyglot,0.0
150282410,polyglot,0.0
150282475,polyglot,0.0
150284544,polyglot,-1.0
150284790,polyglot,0.0
150285229,polyglot,0.0
150285231,polyglot,-1.0
150285232,polyglot,1.0
150285254,polyglot,1.0
150285303,polyglot,0.0
150285706,polyglot,1.0
150285949,polyglot,0.0
150285997,polyglot,-1.0
150286193,polyglot,0.0
150286207,polyglot,0.0
150286325,polyglot,1.0
150286328,polyglot,0.0
150286710,polyglot,-1.0
150286729,polyglot,0.0
150286991,polyglot,0.0
150287149,polyglot,-1.0
150287150,polyglot,-1.0
150287152,polyglot,0.3333333333333333
150287153,polyglot,1.0
150287154,polyglot,1.0
150287155,polyglot,0.0
150287158,polyglot,1.0
150287160,polyglot,-1.0
150287733,polyglot,0.0
150289181,polyglot,0.0
150289763,polyglot,0.0
150290047,polyglot,-1.0
150290282,polyglot,0.0
150290740,polyglot,1.0
150290814,polyglot,0.0
150290877,polyglot,1.0
150291001,polyglot,-1.0
150291466,polyglot,0.0
150291742,polyglot,-1.0
150291782,polyglot,1.0
150291802,polyglot,-1.0
150292190,polyglot,0.0
150292612,polyglot,0.0
150292974,polyglot,1.0
163416476,polyglot,0.0
163464790,polyglot,0.0
163500076,polyglot,-1.0
164107322,polyglot,1.0
164107571,polyglot,-1.0
164107572,polyglot,-1.0
164107832,polyglot,0.0
18231,polyglot,-1.0
150282119,polyglot,1.0
34831,polyglot,0.0
148572031,polyglot,0.0
148572094,polyglot,1.0
150281308,polyglot,0.0
150281905,polyglot,0.0
150284144,polyglot,-1.0
150285296,polyglot,-1.0
150285763,polyglot,-1.0
150285942,polyglot,-0.3333333333333333
150286406,polyglot,-1.0
150286851,polyglot,1.0
150290165,polyglot,0.0
150290224,polyglot,1.0
150292226,polyglot,1.0
150292328,polyglot,0.0
150761781,polyglot,0.3333333333333333
10273,polyglot,-0.3333333333333333
10881,polyglot,-1.0
13997,polyglot,0.0
16609,polyglot,1.0
18167,polyglot,0.0
18267,polyglot,1.0
18463,polyglot,0.3333333333333333
20671,polyglot,0.0
26049,polyglot,1.0
28489,polyglot,0.0
28877,polyglot,0.0
33171,polyglot,0.0
35149,polyglot,0.0
42713,polyglot,-0.3333333333333333
43269,polyglot,0.0
148571931,polyglot,0.0
150277973,polyglot,-1.0
150280548,polyglot,1.0
150280743,polyglot,0.0
150280865,polyglot,0.0
150281185,polyglot,0.0
150281436,polyglot,1.0
150281689,polyglot,0.0
150281780,polyglot,-1.0
150282064,polyglot,0.0
150282473,polyglot,0.0
150284361,polyglot,1.0
150285134,polyglot,0.0
150285160,polyglot,0.0
150285233,polyglot,0.0
150285236,polyglot,1.0
150285322,polyglot,0.0
150285464,polyglot,-1.0
150285689,polyglot,-0.3333333333333333
150286068,polyglot,0.0
150286742,polyglot,1.0
150286797,polyglot,0.0
150286853,polyglot,0.0
150287028,polyglot,0.0
150287132,polyglot,-0.3333333333333333
150287330,polyglot,0.0
150287744,polyglot,-1.0
150287941,polyglot,0.0
150288147,polyglot,0.0
150288212,polyglot,0.0
150289787,polyglot,-1.0
150289890,polyglot,1.0
150290120,polyglot,1.0
150290181,polyglot,-1.0
150291453,polyglot,-1.0
150291524,polyglot,0.0
150291795,polyglot,-1.0
150292252,polyglot,-1.0
150292674,polyglot,1.0
150292968,polyglot,1.0
150759520,polyglot,0.0
150759764,polyglot,0.0
150760005,polyglot,1.0
150761251,polyglot,0.0
150761497,polyglot,0.0
150761515,polyglot,0.0
163450725,polyglot,1.0
163464792,polyglot,1.0
163464805,polyglot,0.0
163500016,polyglot,1.0
163500101,polyglot,-1.0
164107492,polyglot,0.0
164107570,polyglot,-1.0
164107833,polyglot,-1.0
11745,polyglot,-1.0
12255,polyglot,-1.0
12727,polyglot,-1.0
13623,polyglot,0.0
13921,polyglot,0.3333333333333333
14315,polyglot,0.0
15479,polyglot,0.0
16435,polyglot,0.2
17355,polyglot,0.0
17403,polyglot,-1.0
17825,polyglot,0.0
18203,polyglot,0.0
20099,polyglot,-0.3333333333333333
24207,polyglot,-1.0
25057,polyglot,0.0
25859,polyglot,0.0
27865,polyglot,0.0
30387,polyglot,0.0
31787,polyglot,0.0
33737,polyglot,0.0
33933,polyglot,0.0
35327,polyglot,0.0
36159,polyglot,0.0
39853,polyglot,0.0
40067,polyglot,0.0
41177,polyglot,-1.0
43227,polyglot,0.0
43757,polyglot,0.0
148571779,polyglot,1.0
148571912,polyglot,0.0
148572055,polyglot,1.0
148572080,polyglot,1.0
148572304,polyglot,0.0
148572309,polyglot,1.0
148572371,polyglot,0.0
148572607,polyglot,0.0
148572626,polyglot,0.0
150280542,polyglot,1.0
150280818,polyglot,0.0
150280838,polyglot,0.0
150281364,polyglot,0.0
150281391,polyglot,0.0
150281393,polyglot,1.0
150281460,polyglot,0.0
150281528,polyglot,0.0
150281546,polyglot,0.0
150281721,polyglot,0.0
150281749,polyglot,0.0
150281763,polyglot,0.0
150281902,polyglot,1.0
150282123,polyglot,-1.0
150284575,polyglot,1.0
150284678,polyglot,-1.0
150284858,polyglot,0.0
150285106,polyglot,0.0
150285235,polyglot,0.0
150285237,polyglot,-1.0
150285424,polyglot,0.5
150285703,polyglot,0.0
150285805,polyglot,0.0
150285850,polyglot,0.0
150285890,polyglot,0.0
150286491,polyglot,0.0
150286500,polyglot,1.0
150286649,polyglot,-1.0
150286741,polyglot,-1.0
150287082,polyglot,0.3333333333333333
150287157,polyglot,0.0
150287297,polyglot,0.0
150287309,polyglot,0.0
150287797,polyglot,0.0
150287829,polyglot,0.0
150288030,polyglot,0.0
150288219,polyglot,1.0
150289411,polyglot,0.3333333333333333
150289675,polyglot,0.0
150289762,polyglot,0.0
150290043,polyglot,-1.0
150290155,polyglot,0.0
150290321,polyglot,0.0
150290550,polyglot,-1.0
150290677,polyglot,0.0
150290689,polyglot,-1.0
150290728,polyglot,1.0
150291467,polyglot,0.0
150291745,polyglot,-1.0
150292079,polyglot,-1.0
150292152,polyglot,0.0
150292287,polyglot,0.0
150292485,polyglot,1.0
150292504,polyglot,1.0
150292655,polyglot,1.0
150292763,polyglot,1.0
150292964,polyglot,1.0
150292985,polyglot,0.0
150293151,polyglot,1.0
150759335,polyglot,1.0
150759487,polyglot,0.0
150759578,polyglot,0.0
150759827,polyglot,0.0
150760402,polyglot,1.0
150760433,polyglot,0.0
150760834,polyglot,1.0
150760841,polyglot,0.0
150760842,polyglot,-1.0
150761558,polyglot,1.0
150761686,polyglot,-1.0
150761828,polyglot,0.0
150762167,polyglot,-1.0
163464814,polyglot,0.0
163500024,polyglot,0.14285714285714285
164107285,polyglot,1.0
164107366,polyglot,-1.0
164107712,polyglot,0.0
164107913,polyglot,-1.0
164107914,polyglot,0.0
10367,pattern,-0.5
11191,pattern,0.0
12363,pattern,0.0
12367,pattern,0.0
12501,pattern,0.0
12681,pattern,-0.2
13105,pattern,-0.1
15261,pattern,-0.6499999999999999
18751,pattern,0.0
21653,pattern,0.0
21973,pattern,0.0
23549,pattern,0.0
23939,pattern,-0.5
26193,pattern,0.0
26615,pattern,-0.4
26857,pattern,0.0
26983,pattern,0.0
27069,pattern,0.0
29203,pattern,0.0
30591,pattern,0.0
30629,pattern,0.0
31705,pattern,0.0
33235,pattern,0.0
34959,pattern,0.0
36311,pattern,0.0
40877,pattern,0.0
41249,pattern,0.0
42729,pattern,-0.6499999999999999
43589,pattern,0.0
148571717,pattern,0.1
148571718,pattern,0.0
148571724,pattern,0.0
150280829,pattern,-0.24
150281029,pattern,0.0
150281053,pattern,0.15000000000000002
150281163,pattern,0.0
150281620,pattern,0.0
150281726,pattern,-0.16999999999999998
150281956,pattern,0.0
150282114,pattern,0.0
150282115,pattern,0.12166666666666667
150282116,pattern,0.0
150282117,pattern,-0.38
150282118,pattern,0.0
150282124,pattern,0.0
150282126,pattern,0.0
150282229,pattern,0.0
150282410,pattern,0.0
150282475,pattern,-0.29
150284544,pattern,0.0
150284790,pattern,0.0
150285229,pattern,0.0
150285231,pattern,-0.6499999999999999
150285232,pattern,0.0
150285254,pattern,0.1
150285303,pattern,0.13333333333333333
150285706,pattern,0.0
150285949,pattern,0.0
150285997,pattern,-0.2
150286193,pattern,0.0
150286207,pattern,0.6
150286325,pattern,-0.65
150286328,pattern,-0.5
150286710,pattern,-0.19999999999999998
150286729,pattern,0.0
150286991,pattern,0.0
150287149,pattern,0.15000000000000002
150287150,pattern,0.0
150287152,pattern,0.55
150287153,pattern,0.0
150287154,pattern,-0.16666666666666666
150287155,pattern,0.0
150287158,pattern,0.0
150287160,pattern,0.0
150287733,pattern,0.0
150289181,pattern,0.0
150289763,pattern,0.0
150290047,pattern,-0.6499999999999999
150290282,pattern,0.0
150290740,pattern,0.0
150290814,pattern,0.0
150290877,pattern,0.4
150291001,pattern,-0.6499999999999999
150291466,pattern,0.3
150291742,pattern,-0.264
150291782,pattern,0.0
150291802,pattern,-0.1
150292190,pattern,-0.2
150292612,pattern,0.0
150292974,pattern,0.0
163416476,pattern,0.0
163464790,pattern,0.0
163500076,pattern,0.4
164107322,pattern,0.0
164107571,pattern,-0.2
164107572,pattern,0.0
164107832,pattern,0.2
18231,pattern,0.0
150282119,pattern,0.19999999999999998
34831,pattern,-0.1
148572031,pattern,0.0
148572094,pattern,0.03333333333333333
150281308,pattern,0.0
150281905,pattern,0.0
150284144,pattern,0.0
150285296,pattern,-0.07500000000000001
150285763,pattern,-0.2333333333333333
150285942,pattern,0.07500000000000001
150286406,pattern,0.0
150286851,pattern,0.6
150290165,pattern,0.0
150290224,pattern,0.5
150292226,pattern,0.0
150292328,pattern,0.0
150761781,pattern,0.008333333333333331
10273,pattern,-0.6499999999999999
10881,pattern,-0.2
13997,pattern,0.0
16609,pattern,-0.5
18167,pattern,0.0
18267,pattern,-0.05
18463,pattern,0.07777777777777777
20671,pattern,-0.275
26049,pattern,0.0
28489,pattern,0.0
28877,pattern,0.0
33171,pattern,0.0
35149,pattern,0.0
42713,pattern,0.0
43269,pattern,0.05
148571931,pattern,0.0
150277973,pattern,0.0
150280548,pattern,0.0
150280743,pattern,0.0
150280865,pattern,0.0
150281185,pattern,0.0
150281436,pattern,0.0
150281689,pattern,0.0
150281780,pattern,-0.6499999999999999
150282064,pattern,0.0
150282473,pattern,0.0
150284361,pattern,1.0
150285134,pattern,0.0
150285160,pattern,0.0
150285233,pattern,0.55
150285236,pattern,0.0
150285322,pattern,0.0
150285464,pattern,0.17500000000000002
150285689,pattern,-0.125
150286068,pattern,0.1
150286742,pattern,0.0
150286797,pattern,0.0
150286853,pattern,0.0
150287028,pattern,-0.1
150287132,pattern,-0.024
150287330,pattern,0.0
150287744,pattern,0.0
150287941,pattern,0.0
150288147,pattern,0.0
150288212,pattern,0.0
150289787,pattern,0.0
150289890,pattern,0.5666666666666668
150290120,pattern,0.6499999999999999
150290181,pattern,-0.1
150291453,pattern,0.0
150291524,pattern,0.0
150291795,pattern,0.0
150292252,pattern,0.0
150292674,pattern,0.0
150292968,pattern,0.0
150759520,pattern,0.2
150759764,pattern,0.0
150760005,pattern,0.0
150761251,pattern,0.0
150761497,pattern,-0.2
150761515,pattern,0.0
163450725,pattern,0.3
163464792,pattern,0.0
163464805,pattern,0.16666666666666666
163500016,pattern,0.0
163500101,pattern,0.0
164107492,pattern,0.0
164107570,pattern,0.2333333333333333
164107833,pattern,-0.275
11745,pattern,-0.05
12255,pattern,0.0
12727,pattern,0.0
13623,pattern,0.0
13921,pattern,0.0
14315,pattern,0.0
15479,pattern,0.1
16435,pattern,-0.4
17355,pattern,0.3
17403,pattern,0.0
17825,pattern,0.25
18203,pattern,0.0
20099,pattern,0.0
24207,pattern,0.4
25057,pattern,0.675
25859,pattern,0.0
27865,pattern,0.0
30387,pattern,0.0
31787,pattern,0.0
33737,pattern,0.0
33933,pattern,0.4
35327,pattern,-0.46249999999999997
36159,pattern,-0.05
39853,pattern,-0.275
40067,pattern,0.0
41177,pattern,0.0
43227,pattern,0.0
43757,pattern,0.1
148571779,pattern,0.55
148571912,pattern,0.0
148572055,pattern,0.55
148572080,pattern,0.2
148572304,pattern,-0.4
148572309,pattern,0.0
148572371,pattern,0.0
148572607,pattern,0.2
148572626,pattern,0.0
150280542,pattern,0.55
150280818,pattern,0.9
150280838,pattern,0.0
150281364,pattern,0.0
150281391,pattern,0.5333333333333333
150281393,pattern,0.0
150281460,pattern,0.0
150281528,pattern,0.0
150281546,pattern,0.0
150281721,pattern,0.0
150281749,pattern,0.0
150281763,pattern,0.0
150281902,pattern,0.0
150282123,pattern,-0.5333333333333333
150284575,pattern,0.0
150284678,pattern,0.0
150284858,pattern,0.0
150285106,pattern,0.0
150285235,pattern,0.0
150285237,pattern,0.0
150285424,pattern,0.0
150285703,pattern,0.0
150285805,pattern,0.26666666666666666
150285850,pattern,-0.25
150285890,pattern,0.0
150286491,pattern,0.4
150286500,pattern,0.0
150286649,pattern,-0.18333333333333332
150286741,pattern,0.0
150287082,pattern,-0.11666666666666665
150287157,pattern,0.039999999999999994
150287297,pattern,0.2333333333333333
150287309,pattern,0.0
150287797,pattern,0.7
150287829,pattern,0.0
150288030,pattern,0.4
150288219,pattern,0.0
150289411,pattern,0.0
150289675,pattern,0.0
150289762,pattern,0.0
150290043,pattern,0.15000000000000002
150290155,pattern,-0.05
150290321,pattern,0.0
150290550,pattern,-0.125
150290677,pattern,0.0
150290689,pattern,0.0
150290728,pattern,0.0
150291467,pattern,0.0
150291745,pattern,-0.2
150292079,pattern,0.0
150292152,pattern,0.0
150292287,pattern,-0.1
150292485,pattern,0.0
150292504,pattern,0.0
150292655,pattern,0.2333333333333333
150292763,pattern,0.15000000000000002
150292964,pattern,0.0
150292985,pattern,0.0
150293151,pattern,0.5
150759335,pattern,0.0
150759487,pattern,0.0
150759578,pattern,0.0
150759827,pattern,0.0
150760402,pattern,0.0
150760433,pattern,0.0
150760834,pattern,0.0
150760841,pattern,0.0
150760842,pattern,0.0
150761558,pattern,-0.24
150761686,pattern,-0.7
150761828,pattern,0.0
150762167,pattern,0.0
163464814,pattern,0.1
163500024,pattern,0.15000000000000002
164107285,pattern,0.15000000000000002
164107366,pattern,0.0
164107712,pattern,0.0
164107913,pattern,-0.5
164107914,pattern,0.15000000000000002
10367,DANEW,-0.2047778553151832
11191,DANEW,0.008444405675741784
12363,DANEW,0.057296270450494534
12367,DANEW,0.17219440567574174
12501,DANEW,0.1907555245405934
12681,DANEW,0.130190409729843
13105,DANEW,0.12391660851361264
15261,DANEW,-0.01987883017191812
18751,DANEW,-0.12088891104243331
21653,DANEW,0.08562960378382785
21973,DANEW,-0.46905559432425825
23549,DANEW,0.19062960378382784
23939,DANEW,-0.20030559432425826
26193,DANEW,-0.04124447545940661
26615,DANEW,-0.05374079243234431
26857,DANEW,0.0
26983,DANEW,0.2939629371171612
27069,DANEW,0.0
29203,DANEW,0.6118888113514835
30591,DANEW,0.0
30629,DANEW,0.29351104908118675
31705,DANEW,0.0
33235,DANEW,0.058755524540593476
34959,DANEW,0.0
36311,DANEW,-0.21530559432425822
40877,DANEW,0.10275552454059342
41249,DANEW,0.0
42729,DANEW,0.08337776227029665
43589,DANEW,0.22193935164626372
148571717,DANEW,-0.054994184694112234
148571718,DANEW,0.06229627045049443
148571724,DANEW,0.0
150280829,DANEW,0.09094440567574175
150281029,DANEW,0.11438881135148349
150281053,DANEW,0.05137776227029671
150281163,DANEW,0.0
150281620,DANEW,-0.01041482515313555
150281726,DANEW,-0.2309305943242583
150281956,DANEW,0.0
150282114,DANEW,0.037925874234322254
150282115,DANEW,-0.2737436255300846
150282116,DANEW,0.08344440567574163
150282117,DANEW,-0.05124787517669485
150282118,DANEW,0.046755524540593375
150282124,DANEW,-0.002317482471004733
150282126,DANEW,-0.01924447545940664
150282229,DANEW,0.0
150282410,DANEW,0.04196823181470962
150282475,DANEW,0.09927773900907504
150284544,DANEW,0.2534444056757418
150284790,DANEW,-0.3304889509188132
150285229,DANEW,0.0
150285231,DANEW,0.0
150285232,DANEW,0.3667555245405933
150285254,DANEW,0.0
150285303,DANEW,0.2910793207722763
150285706,DANEW,0.0
150285949,DANEW,0.0
150285997,DANEW,0.12528391615621487
150286193,DANEW,0.08475552454059346
150286207,DANEW,0.0
150286325,DANEW,-0.625407459099011
150286328,DANEW,0.25459254090098904
150286710,DANEW,-0.27103706288283885
150286729,DANEW,0.0
150286991,DANEW,0.0
150287149,DANEW,0.0
150287150,DANEW,-0.10248895091881334
150287152,DANEW,0.23797220283787085
150287153,DANEW,0.2037530691892185
150287154,DANEW,0.0789166085136126
150287155,DANEW,0.0
150287158,DANEW,0.2531388113514835
150287160,DANEW,-0.057703729549505534
150287733,DANEW,0.02475552454059331
150289181,DANEW,0.0
150289763,DANEW,0.639185081801978
150290047,DANEW,-0.01202779716212915
150290282,DANEW,-0.02946033961386187
150290740,DANEW,0.20344440567574174
150290814,DANEW,0.0
150290877,DANEW,0.16219440567574173
150291001,DANEW,0.0
150291466,DANEW,0.22393646362941905
150291742,DANEW,-0.6697778553151833
150291782,DANEW,0.2412592075676557
150291802,DANEW,-0.048920679227723696
150292190,DANEW,-0.06686671318910986
150292612,DANEW,-0.009851903543455443
150292974,DANEW,0.16729627045049456
163416476,DANEW,0.0
163464790,DANEW,0.0
163500076,DANEW,-0.053740792432344385
164107322,DANEW,0.0
164107571,DANEW,-0.10980959027015709
164107572,DANEW,0.02975552454059338
164107832,DANEW,0.0
18231,DANEW,-0.20324447545940663
150282119,DANEW,0.18396293711716116
34831,DANEW,-0.02624693081078143
148572031,DANEW,-0.12155559432425822
148572094,DANEW,0.07562960378382777
150281308,DANEW,0.0
150281905,DANEW,0.023444405675741797
150284144,DANEW,-0.019809590270157034
150285296,DANEW,-0.11088891104243327
150285763,DANEW,0.042133286810890125
150285942,DANEW,0.06219440567574175
150286406,DANEW,-0.10562223772970332
150286851,DANEW,0.07070830425680633
150290165,DANEW,0.0
150290224,DANEW,0.5558802583785206
150292226,DANEW,0.037682517528995305
150292328,DANEW,0.0
150761781,DANEW,0.10103026073717279
10273,DANEW,0.12965074934370488
10881,DANEW,-0.20324447545940663
13997,DANEW,0.0
16609,DANEW,-0.11702779716212913
18167,DANEW,0.06625394610042383
18267,DANEW,0.02875212482330512
18463,DANEW,-0.09280559432425822
20671,DANEW,-0.0815555943242583
26049,DANEW,0.5518888113514835
28489,DANEW,0.0
28877,DANEW,0.057296270450494534
33171,DANEW,0.0
35149,DANEW,-0.0240555943242583
42713,DANEW,0.03875552454059337
43269,DANEW,0.14930862474477413
148571931,DANEW,0.0
150277973,DANEW,-0.20462223772970328
150280548,DANEW,0.26213328681089004
150280743,DANEW,0.5325184151353112
150280865,DANEW,0.0
150281185,DANEW,0.0
150281436,DANEW,0.12844440567574178
150281689,DANEW,0.1812592075676558
150281780,DANEW,0.05644443251561283
150282064,DANEW,0.0
150282473,DANEW,0.17543201261275948
150284361,DANEW,0.40195058282288154
150285134,DANEW,-0.23892067922772378
150285160,DANEW,0.0
150285233,DANEW,-0.054777855315183276
150285236,DANEW,0.0
150285322,DANEW,0.0
150285464,DANEW,-0.16682054860700765
150285689,DANEW,0.13329819664304218
150286068,DANEW,-0.02986671318910994
150286742,DANEW,0.3939364636294191
150286797,DANEW,0.3645925409009891
150286853,DANEW,0.0
150287028,DANEW,-0.0006913752552258777
150287132,DANEW,0.004229852973027635
150287330,DANEW,0.0
150287744,DANEW,-0.14103706288283888
150287941,DANEW,0.0
150288147,DANEW,0.0
150288212,DANEW,0.0
150289787,DANEW,-0.3487407924323443
150289890,DANEW,0.3407555245405933
150290120,DANEW,0.4229258742343223
150290181,DANEW,-0.033206393513438
150291453,DANEW,-0.10582719495489624
150291524,DANEW,0.2834444056757418
150291795,DANEW,0.0
150292252,DANEW,-0.28207412576567775
150292674,DANEW,0.18768251752899529
150292968,DANEW,0.0
150759520,DANEW,0.1579722028378709
150759764,DANEW,0.0
150760005,DANEW,-0.00962223772970332
150761251,DANEW,-0.02291359747744812
150761497,DANEW,0.05938881135148355
150761515,DANEW,-0.11811118864851655
163450725,DANEW,0.40501578440169544
163464792,DANEW,0.1256296037838279
163464805,DANEW,-0.09623937588347431
163500016,DANEW,0.03913328681089005
163500101,DANEW,-0.06477785531518314
164107492,DANEW,-0.22173342637821972
164107570,DANEW,-0.6549779018376266
164107833,DANEW,0.11528391615621485
11745,DANEW,-0.21892067922772376
12255,DANEW,0.0
12727,DANEW,0.0
13623,DANEW,0.0
13921,DANEW,0.11679360648656191
14315,DANEW,0.09670705660936063
15479,DANEW,-0.009244475459406588
16435,DANEW,0.1144443739558941
17355,DANEW,0.05437776227029674
17403,DANEW,0.07927773900907505
17825,DANEW,0.07768251752899534
18203,DANEW,-0.016037062882838866
20099,DANEW,0.07339680324328102
24207,DANEW,0.0
25057,DANEW,0.0
25859,DANEW,0.13594440567574184
27865,DANEW,0.0
30387,DANEW,-0.015407459099010978
31787,DANEW,0.0
33737,DANEW,0.012755524540593388
33933,DANEW,0.0
35327,DANEW,0.030095204864921486
36159,DANEW,0.07562960378382777
39853,DANEW,-0.0543703962161722
40067,DANEW,-0.00962223772970332
41177,DANEW,-0.4032444754594066
43227,DANEW,0.15536503505799054
43757,DANEW,0.0
148571779,DANEW,0.719185081801978
148571912,DANEW,-0.033111188648516476
148572055,DANEW,0.056253946100423856
148572080,DANEW,0.16313328681089007
148572304,DANEW,-0.2803492506562952
148572309,DANEW,0.02094440567574163
148572371,DANEW,0.047682517528995216
148572607,DANEW,-0.008111188648516565
148572626,DANEW,-0.14401588409264524
150280542,DANEW,0.27062960378382783
150280818,DANEW,0.42594440567574166
150280838,DANEW,-0.026555594324258247
150281364,DANEW,0.08688881135148363
150281391,DANEW,0.41094440567574175
150281393,DANEW,0.3345925409009891
150281460,DANEW,0.01596578810814873
150281528,DANEW,0.0
150281546,DANEW,0.0
150281721,DANEW,0.0
150281749,DANEW,0.2734444056757418
150281763,DANEW,0.12844440567574178
150281902,DANEW,0.0
150282123,DANEW,0.19792587423432226
150284575,DANEW,0.15959254090098893
150284678,DANEW,-0.10280559432425834
150284858,DANEW,0.13459254090098893
150285106,DANEW,-0.19924447545940663
150285235,DANEW,0.0
150285237,DANEW,-1.0281111886485166
150285424,DANEW,0.02742219120726007
150285703,DANEW,0.0
150285805,DANEW,0.30459254090098903
150285850,DANEW,0.11094440567574176
150285890,DANEW,0.0
150286491,DANEW,0.11922220283787083
150286500,DANEW,-0.004370396216172227
150286649,DANEW,0.02855547801815006
150286741,DANEW,0.047682517528995216
150287082,DANEW,0.04971791293145388
150287157,DANEW,0.02152654307877687
150287297,DANEW,0.8330220981623736
150287309,DANEW,0.0
150287797,DANEW,0.0
150287829,DANEW,0.18482537467185248
150288030,DANEW,0.0
150288219,DANEW,0.0
150289411,DANEW,0.0
150289675,DANEW,-0.05905559432425822
150289762,DANEW,0.30562960378382775
150290043,DANEW,-0.0876222377297033
150290155,DANEW,0.0
150290321,DANEW,0.30438881135148343
150290550,DANEW,-0.02108339148638738
150290677,DANEW,0.0
150290689,DANEW,-0.11061118864851655
150290728,DANEW,0.28304755258698583
150291467,DANEW,0.0
150291745,DANEW,-0.1343703962161722
150292079,DANEW,-0.0015555943242583359
150292152,DANEW,-0.002317482471004733
150292287,DANEW,0.020539660386138144
150292485,DANEW,0.14675552454059337
150292504,DANEW,-0.11937039621617214
150292655,DANEW,0.4129258742343224
150292763,DANEW,0.06875552454059344
150292964,DANEW,0.1367222028378709
150292985,DANEW,-0.014634964942009507
150293151,DANEW,0.2797555245405934
150759335,DANEW,0.569185081801978
150759487,DANEW,-0.0020277971621291413
150759578,DANEW,0.0
150759827,DANEW,0.0
150760402,DANEW,0.14016660851361257
150760433,DANEW,0.009308624744774056
150760834,DANEW,0.3229258742343224
150760841,DANEW,-0.19405559432425823
150760842,DANEW,0.13188881135148348
150761558,DANEW,0.08344440567574163
150761686,DANEW,-0.5454074590990111
150761828,DANEW,0.0
150762167,DANEW,0.2534444056757418
163464814,DANEW,-0.46905559432425825
163500024,DANEW,0.008287004729784811
164107285,DANEW,0.35951104908118675
164107366,DANEW,-0.2552444754594066
164107712,DANEW,-0.04603706288283882
164107913,DANEW,-0.034527797162129115
164107914,DANEW,0.1434444056757418
