feature,-1,0,1
___INTERCEPT___,-1.1190245751042038,-0.8148713941278656,-1.4666131364869788
000,-6.4445627661833855,-6.529745806471519,-6.1384514789655995
10,-7.31595811728615,-6.86867910250066,-7.417207653676786
20,-7.436201906435813,-7.286039155638507,-7.174468908268836
200,-7.141173250226698,-7.078041375447367,-8.141368563227006
2014,-6.9694407424702725,-7.669609214058474,-6.592103359971866
2015,-7.891722940434096,-7.224327136292286,-6.097321807873671
2016,-7.753066765354519,-7.265136171063053,-7.766254739505945
400,-7.277704201734889,-7.355412080046457,-7.753607140667748
50,-7.298328665075653,-7.202718790057007,-7.128319329287948
500,-7.600077804802439,-7.22427873534105,-6.594145883018543
aan,-5.222722560528163,-4.751322761168516,-4.776485897120859
aan_het,-7.475090296381624,-6.726143273747991,-6.706048812020276
aandeel,-6.851429844427614,-7.02248533647576,-6.400173105796064
aanpak,-7.16035082696467,-7.4736538122201335,-7.329495666031689
aantal,-6.930163991045869,-7.165864487774606,-5.571048037819629
abn,-7.089288189320907,-6.985686636799087,-7.2879463677146274
abn_amro,-7.044223830103294,-6.054994290353616,-5.942355367985654
achter,-6.9243723000661515,-7.102054880420101,-6.992121042382232
advies,-7.280362667836277,-7.278384324584929,-6.726547288442738
aex,-6.215022176540392,-6.437861681605451,-5.380056590778954
af,-5.751433599690037,-5.662319065855655,-6.352345368656289
afrika,-7.940704401214738,-7.079833883049535,-7.1490975746370635
agenda,-7.8361876513668305,-5.384490905077002,-8.141368563227006
air_france,-6.954812993880624,-7.231897663305197,-8.141368563227006
akkoord,-6.721736155605353,-5.750380114915837,-6.124984705725138
al,-6.003056521037678,-6.0286385621354235,-6.538864001927153
alleen,-6.5267757205092165,-6.601119720834513,-7.687180252697033
als,-6.009070380993299,-5.6272619615163855,-6.470909836436956
altijd,-7.035580583944678,-7.266883938831576,-7.519046176417693
amerikaanse,-6.519968781765422,-6.56634762124237,-6.088173378774712
amsterdam,-6.490699140154669,-6.139687854753904,-5.840731514066768
ander,-7.704945196884323,-6.756629429872097,-7.307956974210315
angst,-7.111440549078001,-7.722824064398774,-7.806352570075239
aow,-7.435975740568345,-7.381140735106959,-7.012926562676084
april,-8.132504173475803,-7.11378467508386,-7.330810515136445
arbeidsmarkt,-6.498563980261787,-6.665530916795035,-6.208604132325056
arm,-6.419497231157251,-7.389772934146889,-8.141368563227006
asscher,-7.969342047395427,-6.4577163526789185,-6.591082163181367
athene,-6.06943505950918,-6.064542235492788,-7.477057011650709
baan,-4.66942778862694,-5.530913660825769,-5.042472384421842
baas,-7.198910402906346,-7.040595750086841,-7.45950379063863
banen,-6.641443228277869,-7.623944917905973,-6.4160728440027945
banengroei,-7.035714303986909,-7.967647537420582,-6.600661237536743
bank,-4.866284327865385,-4.990194895874947,-5.924290330284084
bankier,-7.103077658574083,-7.5114412602072775,-7.569706512557988
bankroet,-6.414392755435525,-8.100793856841964,-7.285339593004812
bedrijf,-5.899468894934131,-5.69004693906064,-5.556870196823757
bedrijvigheid,-7.596904272687569,-7.980465049019573,-6.542343966734539
begin,-8.420176561555428,-7.1138526274998926,-7.051070448814249
beginnen,-7.278891822253351,-7.164419336337451,-6.294373378984091
belangrijk,-7.74503377130457,-6.945743537485001,-7.134866654707016
belasting,-6.6161484211413555,-5.765741318053588,-6.763885313277978
belastingplan,-7.162064101102858,-6.425364048681363,-6.901780776645163
belastingstelsel,-7.2894402190446534,-7.30289401941924,-7.022750698726707
beleggen,-7.5662123505651,-6.5722278038710105,-6.677667601158079
belegger,-6.067465757158706,-6.227477911883059,-5.975783713300125
beleid,-6.817478740041652,-7.3270505003157425,-7.8216662338087195
belgië,-6.976780573357494,-7.752393961612575,-7.162408010057799
beloven,-7.841955360259053,-7.709946085901296,-6.65713385921469
beperken,-8.420176561555428,-6.751322587260406,-7.355823041456932
bereiken,-7.684838769915172,-7.0634581364293005,-6.571772904385151
bestaan,-7.974256306404191,-7.2920121401966576,-7.194738384267723
betalen,-6.04167800368972,-5.610575627916589,-6.5218497171426195
betaling,-7.51796328739341,-7.056807226924299,-8.141368563227006
beurs,-5.213440611490421,-5.454478203231412,-4.990386298228467
beursgang,-7.249612305182907,-6.413415454341061,-6.518557030704469
bezuinigen,-6.3417702268073395,-6.202246652181865,-8.141368563227006
bezuiniging,-5.41325934929322,-6.049261406494082,-6.866228961266394
bieden,-8.420176561555428,-6.983550645952516,-6.901931661812977
bij,-4.621652812780599,-4.854693256903545,-5.250981187070931
bijna,-6.9172241996599135,-6.707258175147691,-6.15357277811495
bijstand,-6.905963463581485,-7.381142770965658,-8.141368563227006
binnen,-7.097997413542983,-7.718947624438083,-7.7531595526644095
blij,-8.420176561555428,-7.6358920782130415,-6.514356557279801
blijven,-5.661178433981842,-5.486696784604312,-5.798226324352934
blokker,-6.252875060678411,-7.0468007751129305,-7.514756409699696
boeken,-7.28780849208593,-8.17682732532098,-6.186528085996489
boer,-7.135454873213447,-7.679474602214798,-7.581648264026779
bond,-6.958370290620872,-6.831199596604945,-8.141368563227006
boos,-6.632094939930064,-8.250508855364728,-8.141368563227006
bouw,-7.122788011721341,-6.917205651461909,-6.390670043016845
boven,-7.574348224090635,-7.087000547876231,-6.439844075271435
brengen,-6.7760486110908165,-7.141392716881117,-6.429209988948313
brexit,-6.558438289254999,-7.016950555947427,-8.141368563227006
brief,-7.095599628011929,-6.976365814765869,-7.745783920167332
britse,-6.615116010189702,-6.344391866875637,-6.83276588918093
brussel,-6.4049102300934475,-6.304296905273991,-6.456685164213985
btw,-6.175486998220618,-6.439110996762082,-7.394472628100424
buitenland,-7.075634324666366,-7.130889958040222,-7.647761052763019
buitenlands,-7.73469911803792,-7.32110736475523,-6.773151510383797
burger,-7.279801473835026,-7.025145470838402,-7.719775441126967
cao,-7.388618086951573,-6.8114901174888445,-6.166944627317459
cbs,-7.517800727130517,-7.263639135065193,-6.045490046939129
cda,-7.4057080896423555,-7.106746221805759,-7.6617066278034205
centraal,-6.2857225723808225,-6.204550551795643,-7.49666776431057
chaos,-6.80961229343718,-7.693218932336253,-8.141368563227006
china,-6.025377195274945,-6.361304266862684,-6.031694681105128
chinese,-5.989723935875924,-6.228687895992187,-6.159240485013164
cijfer,-6.18995102197536,-6.654412981610591,-6.232002974142854
coalitie,-8.420176561555428,-6.876216633914437,-7.48771804190631
column,-6.865282525283113,-6.7429573542946,-8.141368563227006
commentaar,-7.036787776309074,-7.334410518895515,-7.798848937231373
compromis,-8.420176561555428,-6.911835048283378,-7.2849168853989354
consument,-7.797635649368869,-7.132828111318275,-5.415302394881085
consumptie,-8.420176561555428,-7.950507975868617,-6.4188425330072985
cpb,-6.975500050733535,-6.79562071637027,-6.89312464144281
crisis,-5.543026589806139,-6.289075922115025,-5.7904306444042835
dag,-6.38244232027977,-6.5019774359134335,-7.311110617552145
dalen,-5.483636077847423,-6.31710413111974,-5.7288633403216025
daling,-6.7612321330434995,-7.695999870439441,-6.755373632900223
damrak,-7.0290304498030745,-7.358195889852776,-6.00686550026585
dan,-5.848672527154989,-5.851891309221923,-5.610302639443375
dankzij,-8.420176561555428,-8.252604759858473,-5.773430030425397
dat,-5.95322010085295,-5.927508172464445,-6.345255496923899
deal,-6.733684191601931,-6.547376673470014,-6.839656251805433
deel,-7.091446754291139,-7.0943171307821995,-7.525794694770246
deflatie,-7.465072473510659,-6.854337340667911,-7.549674243938684
den_haag,-7.349137919237702,-6.429186747374461,-7.757284905973373
denken,-7.313546202501768,-7.250094610965869,-6.35576179195318
deutsche_bank,-6.983790778417539,-7.240792223413769,-8.141368563227006
deze,-7.934883895638087,-6.9339036328798445,-8.141368563227006
dicht,-6.474064274939815,-7.0266926790464606,-7.381445213472338
die,-6.209823409766084,-6.141867694465629,-7.104844205648068
diep,-6.503454806210717,-8.673612229579518,-6.939691572978093
dijsselbloem,-6.270943591766719,-6.445741877207864,-6.464120491410241
directeur,-7.282420066209137,-7.925872703600798,-6.912292693400097
dit,-6.74891228005399,-6.434360275993635,-6.338320547747187
dividend,-8.420176561555428,-6.571554286338573,-6.851924519062705
dnb,-6.210279175546113,-6.045926449459165,-6.519792725052611
doen,-6.250033760312973,-6.290491204870831,-5.760165502641934
dollar,-6.284033047183416,-6.62139149875075,-6.767387797315929
door,-4.815748275189879,-5.544190876228685,-5.173687254201626
draaien,-6.781966545802157,-7.192947403245919,-7.455569593530744
draghi,-7.549157873019443,-6.518530677606271,-6.908586388033935
dreigen,-5.846348780747945,-7.705644385362467,-7.844740702864331
drie,-7.387453479843268,-7.065353745321921,-6.981019960970789
drijven,-6.94199961256569,-7.449376988603417,-7.417528649499793
druk,-6.402539660720147,-7.132790431419079,-8.141368563227006
drukken,-6.0168220783032,-6.565449794951847,-7.759367360082382
duits,-6.753154951559235,-7.649685951077013,-7.303390472477366
duitse,-6.211168233675418,-6.044426633368445,-5.646454162528879
duitsland,-6.6294953295310055,-6.408072417277435,-6.410959525669578
duizend,-6.14265532708588,-8.190795835229011,-8.141368563227006
duur,-5.510182353067197,-6.033733981762118,-7.321276167616024
dwingen,-6.939540075549823,-7.5746243183921305,-7.43852112717083
ecb,-5.4586544922966045,-5.371137493776308,-5.558525813021998
echt,-7.283747267231428,-6.760347500608721,-7.83705382685739
economie,-5.106779094330737,-5.313019767939082,-4.251277669846657
economisch,-6.107799301855903,-6.400522429276697,-5.342433763462841
econoom,-7.333037801883526,-7.290165865612504,-7.277123319463661
een,-6.730378959244022,-6.091364573651064,-6.211601074878818
eens,-7.484485752039243,-7.436883847337786,-7.202361222400952
eerder,-7.158346130833994,-7.329986166622619,-7.339610859949649
eerst,-7.388608205000827,-7.221162800278401,-7.194911378270434
eigen,-6.567873416035136,-6.024218686117465,-7.227726432233148
einde,-7.335051344881253,-6.7958799740425215,-7.270877759093034
eisen,-7.0099671581707454,-7.348012439963799,-8.141368563227006
elk,-7.706014903679271,-7.257794827352741,-7.059594320969786
en,-4.637398320265663,-4.476800101481794,-4.746149260810451
er,-5.735060063916832,-5.885532680611394,-5.5925008250206005
erg,-6.938183231472765,-7.951491989824608,-7.461677170621383
eu,-5.84948867488447,-5.539585595753419,-5.984658817227743
euro,-5.469085707332136,-5.291165798897659,-5.520445681891776
eurogroep,-6.457795191020345,-6.379619750591847,-7.583483039913006
europa,-5.994657759821054,-6.0835551134228805,-5.35888080164119
europees,-7.683856574455457,-7.135579180167016,-7.559144462412244
europese,-5.989180615010154,-6.031309297776067,-5.7654439841056755
eurozone,-6.470636832789778,-6.591643525725942,-5.443529051487704
even,-6.817859658006072,-7.661751787808527,-7.193067014029133
export,-6.512034427697089,-6.589323511873223,-5.16122453835143
extra,-6.574126119793464,-5.89936410597033,-5.8225282274430565
failliet,-5.774163054391444,-7.367299667337935,-7.428442492361451
faillissement,-7.310774137331888,-7.534271053771026,-5.921696686327492
februari,-7.848115437242416,-7.399173867346937,-7.1912356105723525
fed,-6.211985304967907,-5.829224297576335,-6.843504916023804
financieel,-5.302466426809767,-5.089107764854603,-5.999888173211239
financiering,-7.30341649404895,-7.562524917067836,-6.9387811690467744
financiën,-6.815261323869896,-6.996132874408223,-7.64730420883689
fiscaal,-7.4235209450228865,-6.378985790808176,-7.5210413431747805
flink,-6.571133900765015,-6.861196639943757,-5.577379052681511
fnv,-6.616481080396657,-7.205596596251482,-8.141368563227006
fonds,-7.012383302626521,-6.774172570007217,-6.842370341704262
fors,-5.63326282685879,-6.91060013887832,-5.645604199134229
frankrijk,-6.732463568222714,-7.255753388083665,-7.313743416574029
franse,-7.502724683611985,-7.537152692885817,-6.889696425328641
fusie,-6.4738290087333175,-7.91035377237926,-7.494708555296685
gaan,-5.60034096648018,-5.237433630976863,-5.706431312647599
gas,-7.561665295601742,-6.854983748266968,-7.611494512780333
geen,-5.161796562131203,-5.1662993735451455,-6.561079142756523
geld,-5.597409662254847,-5.153115407830665,-5.633622299863571
gemeente,-6.554897951159943,-6.6334928568385365,-7.83858257568812
genoeg,-7.3576982799131585,-7.684547630950888,-7.138376528089089
gesprek,-7.028684170867244,-7.112903293506882,-7.813301580031142
gevaar,-6.682076634089267,-7.303345636247063,-7.671108281776581
geven,-6.223305437754954,-5.636471063344597,-5.7728931914094685
gevolg,-6.696710231294663,-7.573750361925903,-7.6815102845058725
goed,-6.42355231300319,-5.740871973834355,-4.454606759443234
goedkoop,-7.265761246907563,-7.26381312286148,-5.551250729884956
grens,-7.723935994385988,-7.146575928121787,-6.917564491407295
grexit,-6.205224974600499,-5.8671554088083795,-6.648532851182588
grieken,-5.10788591779909,-4.957974654442793,-5.952700964217652
griekenland,-4.912899126363753,-4.8251856534303545,-5.734441011197239
grieks,-6.001324936003644,-5.9760291342172,-6.727386176699229
griekse,-4.868163199040021,-5.092242766787958,-5.924583090320622
groei,-5.526458401101467,-5.658143437123689,-4.5653726181839005
groeien,-6.289297682990831,-5.977234794733093,-4.977598033180822
groen,-8.05750845629496,-7.3440763939425775,-6.7990034405215685
groningen,-7.53463755427385,-6.877253482819245,-7.149571321312184
groot,-5.352615503403641,-5.805814105817575,-5.995448515899369
halen,-6.101020789685524,-6.282438941295327,-6.9546878912001215
hand,-8.069061017105367,-7.257056595366254,-6.866279293161565
handel,-7.56349349310983,-7.4047275404924235,-6.949041558065721
handelsverdrag,-6.372308089534469,-7.457734807749311,-7.466499560279567
hard,-6.188514405998363,-6.513144106131234,-6.65092059427924
hebben,-5.598560775401415,-5.594155577987287,-5.6566062597216735
heel,-6.705572161594667,-7.252421065671581,-6.5083650104704684
heineken,-6.953445480130591,-7.993146158888752,-7.117022702984128
hekelen,-6.792452120204688,-7.568663342852184,-8.141368563227006
helft,-6.938618457453949,-7.127335192037672,-7.444622202193593
helpen,-7.382252392877662,-6.185954684283313,-5.718086957963576
herstel,-7.056959443290357,-6.437986780132931,-5.01075548772887
herstellen,-7.7480329047375776,-7.812672010695826,-5.908106901819506
hervormen,-7.640796976777281,-7.115616683556327,-7.765817868858276
hervorming,-6.604682898351633,-6.580303829877547,-7.091891531445184
het,-6.0981731726267325,-5.851963703001747,-5.685998158200809
historisch,-7.56492222787764,-7.592285375846003,-7.329298786049424
hoe,-7.1556917453695625,-6.439161312754214,-7.326973126962628
hoeven,-7.569203977993108,-7.400585615070579,-7.495976643918767
honderd,-6.336248668368067,-7.332569846632946,-6.789079610256626
hoog,-5.816031712929435,-5.53626746655555,-5.093865652037693
hoop,-7.310949589491044,-7.139817881828264,-6.407458260355787
horeca,-8.087803839872748,-8.673612229579518,-6.289043125564574
houden,-6.2742882281870305,-5.6894668504570145,-6.042348030044195
huis,-6.331021814681891,-6.292287812460145,-6.236282242315197
huizenmarkt,-7.313832990868159,-6.997642144630415,-5.893627068846761
huizenprijs,-7.472219176590666,-6.375663037635336,-6.805691855414141
hulp,-7.413820063074489,-6.639028521474044,-6.697214338080821
hun,-6.60605714375968,-6.562585444354568,-7.2431175118408015
hypotheek,-6.481740162189353,-5.828731362177931,-5.812380356866873
hypotheekrente,-7.14182114248405,-6.174371913892211,-7.401095921032026
iedereen,-7.4334069960085225,-7.280776281238133,-8.141368563227006
iets,-6.399414249300019,-6.722932296648027,-6.216915442560485
ik,-6.9017546147404145,-6.361174189516188,-7.331059556277624
imf,-5.628643710424578,-5.504758060693533,-6.213310064122448
in,-3.807331293261478,-4.01947446118684,-4.016797706735094
india,-7.676616239011137,-7.059174455590457,-6.974934116919904
industrie,-6.582563949098155,-7.301965160067388,-5.764911886323217
inflatie,-6.713676724443225,-5.975093186888378,-6.210530649222442
ing,-6.454341702924339,-6.6455362970311604,-6.060354297521188
inkomen,-6.7190569257291095,-7.0338969690274915,-6.99417166739378
innovatie,-6.817986816261205,-7.379041157223766,-8.141368563227006
investeerder,-7.93729732186657,-7.014108196523609,-7.730616361473633
investeren,-7.474739350322334,-6.2911766911027325,-6.93194725159452
investering,-7.347760933106737,-6.660450486485312,-6.515016236850369
italië,-7.638687899139107,-7.658248284464957,-6.816175308198234
jaar,-5.844832702301798,-5.6522175106243076,-4.891550039750463
jagen,-7.253140485403766,-7.11210387135277,-6.755394458481719
japanse,-7.193965004297463,-7.95199880511526,-6.587675252596825
je,-6.830384310965342,-5.925490838696199,-6.8141262375858025
jong,-6.564774829027557,-6.773929005794815,-6.087533712619509
juist,-7.855875270769883,-7.228095404924785,-6.914815821053221
kabinet,-6.62834681161728,-6.231446190937098,-6.9098713629043935
kamer,-6.827313216497819,-6.849435240229804,-6.9932077152294045
kamp,-8.420176561555428,-7.11100964086683,-6.506651391315508
kans,-6.820472621670987,-7.025922977251599,-7.078216579783167
keren,-7.535836875647971,-7.722511386693597,-6.618576918045763
kijken,-7.210774642320025,-7.152747273201207,-7.2210114282499305
klant,-7.055011952060321,-7.117869066620834,-6.775990150159102
klein,-6.482843078669594,-6.985557938305481,-6.290684825480024
klm,-6.019977391509075,-6.637611766296475,-7.746638797918303
knot,-7.420166854006638,-6.7402969967339885,-7.6671572183771
koers,-6.917996611895088,-7.495149276958969,-6.551594990407375
komen,-5.742302775620285,-5.878502071414687,-5.755030652462468
koopwoning,-7.4795407425048985,-6.942725373197345,-7.728079860084136
kopen,-6.981806055787742,-5.9587048508469405,-6.915790421047635
kort,-6.560763902681783,-6.25827968878794,-6.809468376608168
korten,-7.085722470670781,-7.011293391952034,-8.141368563227006
kost,-6.473235133816656,-7.368907902572099,-7.3983275675551115
kosten,-5.8769741144447005,-6.868868360943581,-7.730732491681824
kpn,-7.7665983919391754,-6.662597306997346,-6.769950133194688
kraken,-6.6861263866968965,-7.788480055110782,-8.141368563227006
krediet,-8.029663183959581,-6.694396375361869,-7.713378894676327
krijgen,-6.238652891578662,-6.010968395398303,-6.0040474702891125
krimp,-6.844538324617543,-7.800439027001525,-7.529814566538697
krimpen,-6.660320164852127,-7.9911739120127185,-8.141368563227006
kritiek,-7.120997309117146,-7.28811024766932,-8.141368563227006
kunnen,-5.693385442498309,-5.334420212883762,-5.556556938797462
kwart,-6.90933952695063,-7.021718224379596,-6.997731138949355
kwartaal,-7.279533783023905,-7.478103441348775,-6.702480509000694
laag,-5.116274008809265,-5.297185037241326,-5.268101962486173
laat,-7.398155145144644,-6.719057902683176,-7.719295293807171
land,-6.852258244349159,-6.726119252667566,-6.7031961994013605
landen,-7.225427670999047,-8.002927965007288,-6.914953219430393
lang,-6.176052082358616,-6.275602864254132,-6.447281167441557
last,-6.663575476617729,-7.309843644219729,-7.798557676870884
laten,-6.353504735148286,-6.199240207510045,-6.181805462999199
leiden,-6.558888075628349,-6.930577167960969,-7.267686995577469
lenen,-7.248087458052217,-6.052920962788441,-6.679534909631924
lening,-6.494446829959259,-6.426715242375347,-7.198893693700489
leven,-6.638072304271425,-7.731610099022825,-6.544966260846618
leveren,-6.658285654473753,-6.689955502119191,-6.114573642592356
licht,-6.386215534566851,-7.144751514817984,-6.1545642440127395
lift,-7.672049178828305,-7.976247596265035,-6.468541366358009
liggen,-6.631483093493678,-6.916379667081296,-7.10917263415243
lijken,-6.843446673310258,-7.064524683704124,-6.747321842435818
loon,-6.759823611842857,-5.854332131104391,-6.915089271148723
lopen,-6.064218305680331,-6.684756304373878,-7.33776605331708
maand,-7.500564837906209,-6.93483166060876,-6.310168284743358
maar,-6.088595514885455,-5.202153317944057,-6.566352695708975
maken,-5.88026559293822,-5.868158350778662,-6.03645253944622
man,-7.217904586219996,-7.200905793219672,-7.742639629020612
markt,-5.944051641001648,-6.198958298740552,-6.677715809818961
medewerker,-6.858452963786265,-7.804740576758856,-7.163584591982667
mee,-7.213767187678279,-6.667223536456334,-7.827874332584351
meest,-6.7550087602401065,-7.2031944450317695,-7.443819843229743
meevaller,-7.8444696723749745,-7.669900091207166,-6.110970687823107
mens,-6.365630602386914,-6.514344726787328,-7.059616125145005
merkel,-7.5272484481738795,-7.142070218741535,-7.734734437631465
met,-4.827721668364857,-4.6863468743707415,-4.98350205483584
mijn,-7.603661700727741,-7.261005209802775,-7.807915749345648
miljard,-5.862087721268301,-5.553005929893372,-6.02083592823703
miljoen,-5.727663733269669,-5.437808941752955,-6.279174884882628
minder,-5.3746591369971055,-5.662644947511724,-5.414415441830524
minister,-6.833619767679592,-6.49058757562934,-6.8358188258864505
mislukken,-6.860596680286012,-7.5479910601250255,-8.141368563227006
mkb,-6.517171905699907,-6.515196230142677,-6.696222852006702
mln,-8.420176561555428,-6.758800184047285,-7.194923155702498
moeilijk,-6.668253887730126,-7.31882944401851,-8.141368563227006
moeten,-5.411647136023007,-4.898405012096923,-6.614675573836003
mogelijk,-6.752346227860762,-6.517138049501876,-7.548878218634734
mogen,-7.165683368938459,-6.142546770366813,-6.986119661266079
monetair,-7.674863361663218,-7.219058764529905,-7.319478587328811
mrd,-7.282004875103322,-6.533009017733445,-6.833084363660806
munt,-7.067723158658827,-7.024702328174772,-8.141368563227006
na,-5.753837863472665,-5.645976180137605,-5.3137879918794315
naar,-5.5229072138255955,-4.928301588978181,-5.139739708117627
naderen,-7.273754827108932,-7.606176012587559,-7.342825617428958
naheffing,-6.806812420456703,-6.899030132301583,-8.141368563227006
nauwelijks,-6.854523508676173,-7.262037291932058,-7.746407855523087
nederland,-5.705287833335147,-5.718427149508037,-5.264729782136802
nederlanders,-6.773078060546436,-7.285274970393067,-6.719107313256101
nederlands,-6.236855484367417,-6.014012326068295,-5.058608594822466
nee,-7.10588021820945,-6.7120811976810355,-7.700935885645019
negatief,-6.134691305712845,-7.831946030773151,-7.448221382667061
nemen,-6.305224711540774,-6.3168357153587795,-5.955838431317536
net,-7.065602509803178,-6.987173396916009,-7.1247534135133765
new_york,-6.982340846553016,-7.43684218746545,-6.819336013448185
niemand,-7.655497072816679,-7.0310547676195,-8.141368563227006
niet,-4.657549040232409,-4.802370090270217,-5.709353308733986
niets,-6.376138507303477,-7.120753893020519,-7.297695308793861
nieuw,-5.501827902229223,-4.972678069387901,-5.172143801896351
nikkei,-8.420176561555428,-8.108025521357751,-6.274994332432516
nodig,-7.016559202961745,-5.972243907398228,-6.573805857258335
nog,-5.131751424777503,-5.3493188650115595,-6.046039338907722
noorden,-7.505332245267456,-7.450762843430029,-7.099042347819427
nu,-5.876106088524815,-5.640025508637182,-6.149276397248814
obligatie,-6.903016757889276,-6.184326119811003,-7.497052369183863
obligatiemarkt,-6.764975277278627,-8.058932117573734,-7.4620201027417945
oeso,-7.295871240555562,-7.909189075229373,-6.493890972352803
of,-6.777684813504507,-5.7080650453311685,-6.991661926521352
olie,-7.046314744874671,-6.455616230042666,-6.711045555812348
olieprijs,-6.299247088081813,-6.708231632114558,-6.197696522344756
om,-5.645814370621897,-5.142991829960221,-6.160951114317314
omhoog,-6.995417831367132,-6.220428070189461,-5.896591725080285
omlaag,-7.195786466457328,-6.436806389456336,-6.935041840300412
omstreden,-7.805157888290669,-7.260960463960091,-7.423703744686552
omzet,-6.554031854532925,-7.089107289079182,-6.206116978879288
ondanks,-7.316158922059502,-6.629198345881735,-6.8783882575934925
onder,-5.659353142364815,-6.08929578775912,-6.831740530616689
ondernemer,-6.618532716122901,-7.326566497842958,-6.76245816960067
onderuit,-6.752184135174012,-7.644033257784715,-8.141368563227006
onderzoek,-6.765477051022593,-7.311286854639338,-7.631489774572729
onrust,-6.90461297859151,-7.843429361827216,-7.671169735108876
ons,-6.524577661131974,-6.5322037428452475,-6.754247718920391
ontslaan,-5.761135055745816,-6.548371169111248,-8.141368563227006
ontslag,-6.829330599395534,-7.443778603273836,-8.141368563227006
ook,-5.763922613334611,-5.786560933331499,-5.9085502343926795
op,-4.19402622336376,-4.273846750977107,-4.312261740204656
open,-8.051853022997658,-6.74881971618798,-7.44022127110704
openen,-6.985636899004896,-7.861406687833827,-6.761831800317041
opkomen,-6.939960264779125,-7.449966053408971,-7.585499816657665
opkoopprogramma,-6.980262052121194,-7.346483052415474,-7.738169975112364
oplossing,-7.229591610826397,-7.517238821168517,-7.41849662916659
opnieuw,-6.320009125277233,-6.243339639874497,-7.446025103638592
optimisme,-7.949623931901219,-8.288313626485788,-6.123348610861473
optimistisch,-8.420176561555428,-8.175884797797897,-5.846674838246
oud,-6.198449536382908,-6.577679246156011,-6.567628200694142
over,-5.033477413829796,-4.710050746269781,-5.125166833578071
overheid,-6.83866121076314,-6.850761684263667,-7.653088499389571
overleg,-7.319202378473592,-6.979762580611575,-7.41953513830536
overname,-6.959026480115491,-6.770593390100806,-6.413574968803493
panel,-7.878189405403237,-7.092480697092516,-8.141368563227006
parlement,-7.798218841899217,-6.74173107806027,-8.141368563227006
pas,-7.2551014732094945,-7.318994396653621,-8.141368563227006
pensioen,-5.806930121887739,-6.669909942867131,-6.475505030892594
pensioenfonds,-6.316020759491267,-6.684600910432775,-6.474725008932944
per,-7.226163488662409,-7.538381957997096,-7.252723689326419
personeel,-6.9864169441899024,-6.834454207975366,-7.235372552085152
plan,-6.645338835120306,-5.8519605482608315,-7.649370562145011
plus,-7.639735308704546,-7.840201298305044,-5.997182326593082
politiek,-7.047591532249175,-6.981308458771034,-7.459318709236497
portugal,-8.420176561555428,-7.332068504300072,-6.497168122428915
positief,-8.088760351062232,-7.168465956570025,-5.242754516594356
postnl,-7.354922325695414,-7.287897977643079,-6.862009974078265
praten,-7.486531377721702,-7.049252726861219,-7.138829314598771
premier,-7.187904081160009,-6.857847905028466,-7.663830490321004
president,-7.851812977297754,-7.148545010358914,-7.186428470309936
prijs,-6.621941139955847,-6.016618299496177,-6.429597176130848
probleem,-5.906115390018327,-7.0178618181867805,-7.548072949202424
procent,-6.6299676500418565,-5.77405025874483,-5.682694283263767
product,-7.045854391846488,-7.3862629373143625,-6.901526252399115
profiteren,-7.556143831173692,-7.368983071416156,-5.397014585403236
provincie,-7.868419847538751,-6.496872351307202,-7.276861184486685
punt,-6.985114406962683,-7.0193145698751565,-6.472492163283589
pvda,-7.153075966673341,-6.422728448224939,-7.81117189980171
rabo,-7.255062736949903,-7.012505175171556,-6.773710309234824
rabobank,-6.556996476531429,-7.032850318528813,-7.4818592895342855
raken,-6.103461722571922,-7.596503431064534,-7.119346907882981
rechter,-6.933808274923337,-7.348762746739052,-8.141368563227006
record,-8.420176561555428,-6.763315744589298,-6.165218518564298
redden,-7.318186475725758,-6.943923997068358,-6.088708275440174
referendum,-7.9245410077250105,-7.0831283059702494,-7.828937006725421
regel,-6.749407463821956,-7.042777701055311,-7.287268570589575
regering,-6.643405523456762,-6.836166301282969,-7.559789784880105
rekenen,-6.8617404579049035,-8.199181603719499,-6.376263983386485
rekenkamer,-6.457666947299292,-7.390516478485853,-8.141368563227006
rendement,-7.314889373159183,-7.28295288942341,-6.87900534016311
rente,-5.25142842164551,-5.103063189233954,-5.817038424127004
renteverhoging,-8.420176561555428,-6.858719890602837,-7.734877382404931
resultaat,-7.153241492679646,-7.953050868312534,-6.9480005066980075
rij,-6.805046668776398,-7.376447396047141,-7.783213312598217
rijk,-6.563785890058584,-6.324839233195375,-6.636446079295373
risico,-5.991221984248183,-6.558597529182444,-7.788151500765615
rol,-7.123370725748984,-7.230900082951767,-6.745412581310678
rond,-6.329505696899572,-7.138209197098808,-7.456402041674355
rood,-6.005625020581382,-7.032822407415281,-7.064083011561841
ruim,-6.811914386866704,-7.08685160900121,-7.163368116754443
ruimte,-7.323720651619499,-6.977555955436334,-6.526464638289307
rusland,-6.172290532628818,-6.552742440440829,-6.7114704667640765
russische,-6.797364964336702,-7.270514249281321,-7.056221331747819
rust,-8.023247431156822,-7.733758420988341,-6.748177916254399
rutte,-7.118381453836619,-6.952549459156088,-7.3139221250030175
salaris,-7.316789978074924,-6.603758088008234,-8.141368563227006
sanctie,-7.224939661391911,-7.5799696293410666,-7.385548544453588
schade,-6.757172814103715,-7.957232286224336,-7.558549349089779
schaden,-6.626663588401597,-7.679021438825685,-7.538907323381522
schieten,-7.347569383805328,-7.255573691608065,-6.5649092372737385
schrappen,-5.033767704906753,-6.957441217275713,-7.464387242750273
schuld,-5.870157824318536,-6.291841479792064,-7.244107380564938
schuldeiser,-7.109813262707824,-7.1279663376220626,-7.67381050079372
sector,-6.389429834583831,-6.860365742589329,-7.375067759865058
siemens,-6.682610185889271,-7.913075113651914,-8.141368563227006
sinds,-6.918577957053699,-8.287762260063518,-5.830422506277033
slaan,-7.401853632873617,-7.506610011199665,-7.439406246529609
slecht,-5.757847036742033,-7.282333070139542,-7.738300117442055
sluiten,-6.381089640287138,-7.052149566562257,-6.2941719265913925
snel,-6.0914695926997755,-6.239581539368629,-5.81490628842338
snijden,-6.773265992273341,-7.379736718863991,-7.768340167148822
sociaal,-6.87459989759008,-6.649172691159222,-7.081507413307853
spaanse,-7.592215738064047,-7.911902807350703,-6.501333377005718
spaargeld,-7.51443204616639,-6.656018648568317,-8.141368563227006
spaarrente,-7.021694850918961,-6.8413630511705605,-7.621119839464264
sparen,-6.832960387903413,-6.47094468641463,-6.441041460571268
staan,-6.1145431246541495,-7.0266335082554745,-6.626307933731339
staat,-7.22501796175807,-6.7301751595557215,-6.3505660685554455
staatsobligatie,-7.38166357405636,-7.207384555944739,-7.675564105360186
staatsschuld,-7.9593110582322515,-7.0179056008909875,-7.17460618566714
stad,-6.52118617024976,-6.6736936451995295,-6.843730385059255
stap,-7.151276474209345,-7.224615863541998,-7.1548464820851585
stappen,-7.071421959336688,-6.907631009976417,-8.141368563227006
start,-7.580844345002416,-6.8767831902743515,-7.132902222335186
steeds,-6.142144209560431,-6.283006558225194,-6.204111697295257
steken,-7.4149189450566695,-6.869837032721494,-7.269587678148772
stellen,-6.874179083690993,-6.7819708644059435,-7.543014437318714
stemmen,-8.220874210879412,-7.294618623160147,-7.218480129855681
sterk,-6.378409880858644,-6.691332648342656,-5.483780372788072
steun,-6.908005485387804,-6.430709491790784,-6.750014394181104
steunen,-7.736522931669907,-7.064583611294122,-7.372810672279461
stevig,-7.2455972267697515,-7.964918847084775,-6.526985505619857
stijgen,-6.396514999136373,-5.580298886279143,-5.0824548828339795
stijging,-7.259971051279362,-7.1217317337848165,-6.116369117197486
stoom,-7.75253302865601,-8.235309533350886,-6.328151180229643
stoppen,-7.473211587553831,-7.194286439420788,-7.448221382667061
straat,-6.815592608003,-7.618473092047699,-8.141368563227006
sturen,-7.199700178410216,-7.187093238084898,-8.141368563227006
stuwen,-8.063622688645012,-7.287480052876086,-6.442185733444859
subsidie,-7.291365643646298,-7.159454964200092,-6.711457316411733
tarief,-7.159866781025481,-7.033334601022019,-8.141368563227006
te,-4.856207874890115,-5.120772720141055,-5.663268468289001
tegen,-5.4938112770878025,-5.655299726581379,-6.8633543752203305
tekort,-6.204556861368985,-7.706612261619867,-7.190891906552114
terug,-5.846578280469787,-6.409167078992575,-6.4537031007813415
tien,-7.822148684328805,-7.053621521889621,-7.315954149391855
tijd,-6.660889639262232,-6.031331674363402,-6.242308547101116
tijdelijk,-7.354896822310265,-6.792714296694114,-8.141368563227006
toch,-6.912270777438374,-6.117616520502848,-6.640931662928557
toe,-6.459536478275426,-6.610776541750347,-6.37350397098426
toekomst,-7.132678952131856,-6.953296917032211,-6.257162374002753
toename,-7.034811641162378,-8.270856238738832,-7.104336360526691
toenemen,-7.418508229436322,-8.189535516060863,-6.16666458308457
top,-6.7584633342953175,-7.313180304472027,-7.529448810398229
topman,-7.878756863443198,-6.836531242159554,-7.154394153193612
tot,-5.92316501655581,-5.769779403034049,-6.354296871160807
trekken,-6.5082928801806315,-6.549066434090207,-5.32825298365546
tsipras,-6.404590609993666,-5.920158650462733,-7.275408839350782
ttip,-6.62379621789022,-6.766954981725643,-7.753912320512979
tussen,-6.544081238409475,-6.765078641296295,-7.568128052960497
twee,-7.588548910846459,-6.45118279955241,-6.475922528900226
uit,-5.139049206488213,-5.238687809955859,-5.202207494352278
uitkering,-7.094497092075178,-7.1782325471742,-7.061305154061614
uitstel,-6.498743265575092,-6.884133323253899,-8.141368563227006
uitzendkracht,-6.88500922533838,-7.4733191953935085,-6.928700530183068
unie,-7.375647632732872,-7.5190028996580125,-7.237117845012101
vaak,-6.363483653155316,-7.322713201181314,-6.981574238565912
vakbond,-6.430453164452488,-7.296332100014478,-7.7217639558692355
vallen,-5.9051167722741065,-6.861343026575338,-7.77741093393265
van,-4.293211052798397,-4.191389469342576,-4.215482931519581
vandaag,-8.420176561555428,-6.651569956677806,-8.141368563227006
vanwege,-6.780808218772419,-7.110635297018213,-7.8503723611995335
varoufakis,-6.627146776145888,-6.507515676559795,-8.141368563227006
vast,-6.523457266778756,-6.78039978477169,-7.234421016414311
veel,-4.948982005239431,-4.648710595650719,-4.465480155433228
ver,-5.9099586892732106,-5.9954495607481695,-5.927260325642932
verder,-7.1141430828231655,-7.284338856669472,-6.329463209223156
verdienen,-7.3973505313129095,-7.123849276426901,-7.468219707562707
verenigde_staten,-7.934564805789437,-7.316730957061971,-7.330712491927087
verhogen,-6.828861117815329,-5.970631496051782,-6.608749359630455
verhoging,-6.981791729201479,-7.356455667906683,-7.3300551418937845
verkoop,-7.106068359479835,-7.146130289423198,-6.681908280552438
verkopen,-7.494657910513186,-6.35526781302915,-6.031546202617038
verlagen,-6.649888230219007,-6.541875242068661,-7.317860927147831
verlies,-5.874168046039818,-6.9528909082470305,-6.98076262948493
verliezen,-5.768425505714751,-7.046948910929762,-7.7912280155588505
vertrouwen,-7.194175111939734,-6.949408543401177,-5.852072643244767
verwachten,-6.446871841283432,-6.985580711482326,-5.822250925150172
verzekeraar,-6.761516359982222,-6.948335197600425,-6.929923674352411
verzet,-6.675638840900305,-7.645343730365438,-8.141368563227006
via,-7.280787869294542,-6.98743918909913,-7.351788009435295
vier,-7.211888215961478,-7.6421530013485395,-6.5210783452037555
vijf,-7.030347278138922,-7.675628340347398,-7.219667333827722
vinden,-7.565916595558589,-6.809030279305888,-6.345445834372943
voelen,-6.772278835651621,-8.13656428761525,-8.141368563227006
voeren,-7.736391868991117,-7.815658163692811,-6.766459873049992
vol,-7.062984771009111,-7.786299526465147,-6.836419317445156
volgen,-7.195197794450608,-6.595892283885696,-7.796825892042593
voor,-4.298458210185296,-4.062305131481301,-4.159682864871877
voor_het_eerst,-7.990519568408449,-8.335120453188463,-6.240605808493347
vooral,-6.8761956198312575,-6.708919252346918,-6.516217500560858
voorbij,-6.9466600423415015,-7.7094806074198425,-7.078722076453252
voorlopig,-7.831807090754886,-6.903093331558788,-6.570040217222294
voorstel,-6.742492695180779,-6.685758596342066,-6.957028498443634
voorzichtig,-8.420176561555428,-7.532564470039729,-6.019516661376466
voorzien,-7.543865303038255,-7.859055418771945,-6.391610108229425
vraag,-7.900344138849571,-7.55832326016613,-7.075073566941764
vragen,-6.689648281547115,-6.089116093654839,-7.043940530185333
vrezen,-5.812631090723465,-7.6247334860532625,-7.609434827751044
vrij,-7.022512288907961,-7.569109875086233,-8.141368563227006
vrouw,-7.846690304641232,-6.940574007403468,-7.521163774334292
vs,-5.262637732553689,-5.5065458354630685,-5.607335288957625
vvd,-7.304865896842123,-6.786413646892459,-8.141368563227006
waard,-7.853934757999303,-6.803296096327036,-7.657082740874406
waarom,-7.459463912501438,-7.177868026251831,-8.141368563227006
waarschuwen,-5.832179821907918,-7.357868365109587,-8.141368563227006
wachten,-7.08734771787649,-6.421228145266202,-7.481679642498263
wall_street,-5.897362096776372,-6.964366074027572,-6.025774791541957
wat,-6.742607470297461,-5.961471618112867,-7.009567930359472
water,-6.892481826284703,-7.631489473832033,-7.424049328520341
we,-5.9517846186569106,-6.76306060241455,-6.4642289711461025
week,-7.21910208313222,-6.759714775453428,-7.349844899851043
weer,-5.5278863290703635,-5.412140409050013,-4.658125937676863
weg,-5.422770407830464,-6.326854581815111,-6.398358761725266
weinig,-5.927668357036408,-6.756912261544478,-7.2417223782446
wel,-6.817263472594703,-5.990093162358701,-7.464421824532825
wereld,-6.971515455835546,-7.33572491775209,-7.73811237945448
wereldeconomie,-7.358203499984417,-7.335990591848068,-6.688373110209307
werk,-6.208002297340154,-5.847482458063803,-6.035622241508188
werken,-6.511759317037825,-6.381421010514545,-6.396024731490493
werkgelegenheid,-7.618589864890457,-6.867889925063757,-6.885493837359027
werkgever,-6.788467696271232,-7.0471604103710765,-7.313632004472588
werkloos,-6.204497329454294,-6.232255224284373,-6.21362664044537
werkloosheid,-6.603005294740442,-6.3217977621739045,-5.379120238616974
werknemer,-6.5419423895755155,-6.2267890885919055,-6.71389247261936
wet,-7.586641751868395,-7.03926393721472,-7.706042990714623
weten,-7.691866451005541,-6.9030004910290454,-6.8580089230467625
wie,-7.755115243785945,-6.932240801007445,-8.141368563227006
wiebes,-7.0675462055215235,-6.897085515705356,-7.222186010585152
wij,-7.014434279262737,-7.6435500053397245,-7.481897092958266
wijzen,-7.173018794360591,-7.3933886698233335,-7.80551862719568
willen,-5.603832792574636,-4.834660847535375,-6.300927759233276
winst,-6.504677690474011,-6.469451472004745,-4.6751353361125965
woning,-7.1963895154350865,-6.748778710349806,-6.575086557737983
woningmarkt,-7.240428590250632,-7.24544379533574,-6.084125735289191
worden,-5.78969637652033,-5.446241458867394,-6.254694224769688
ww,-6.461088039998509,-6.392554951408833,-7.16858347972689
zakken,-6.442567962917099,-7.005493694955794,-7.361815344358352
ze,-7.30567220850196,-6.9503332257088095,-7.726693612002082
zeepbel,-7.079265238459539,-7.688650035203747,-7.549640939387726
zeer,-7.468866891053097,-7.46281741942617,-6.94841551382111
zeggen,-7.23317834537618,-6.689331990902434,-7.069792096259918
zelf,-7.205926438181123,-6.838165407220089,-7.847667482038281
zetten,-6.130609928201075,-6.17000134562138,-5.8266401939123895
zich,-6.06010066738653,-6.4913640400096115,-6.174306236449227
zicht,-6.676496294636517,-7.490718830000829,-8.141368563227006
ziekenhuis,-7.026995706666155,-7.779205408012544,-7.0897638647420465
zien,-5.856222707188294,-5.917774250850433,-5.500898714387672
zijn,-4.435010681080755,-4.440611418483612,-4.744978284770317
zitten,-6.312779243477205,-7.366543181068524,-6.792124763393684
zo,-6.2602354703891745,-6.655219728461676,-6.7101889086132465
zoeken,-6.446698686689764,-6.675289492608577,-7.124410940818132
zonder,-5.99483086782828,-6.50361143839547,-7.402200677676458
zorg,-5.631398124233147,-6.529123204198265,-6.856417199290437
zorgen,-6.281853317663611,-6.693409920272731,-6.608493309590958
zullen,-6.391681588263193,-6.5346861741090585,-6.485161383623198
zwaar,-6.3768558986386985,-7.893775624216495,-7.742815170950241
zwak,-6.646431442168687,-7.956838004935768,-7.748214762711361
zwitserse,-6.799406920826357,-7.637408427352553,-7.6126562506930355
zzp,-7.072549747463132,-6.711316958549412,-7.0285648391351865
én,-7.5232613397323025,-7.356155903919233,-7.760928280985868
